type, d, d1, d2, D, D1, D2, B, r12_min, C, C0, Pu, n_ref, n_limit, mass, designation, capped_one_side, kr, f0
s_row, 3, 5.2, , 10, , 8.2, 4, 0.15, 0.54, 0.18, 0.007, 130000, 80000, 0.0015, 623, , 0.025, 7.5
s_row, 3, 5.2, , 10, , 8.2, 4, 0.15, 0.54, 0.18, 0.007, , 40000, 0.0015, 623-2RS1, 623-RS1, 0.025, 7.5
s_row, 3, 5.2, , 10, , 8.2, 4, 0.15, 0.54, 0.18, 0.007, 130000, 60000, 0.0015, 623-2Z, 623-Z, 0.025, 7.5
s_row, 4, 5.2, , 9, 7.5, , 2.5, 0.1, 0.423, 0.18, 0.008, 140000, 85000, 0.0017, 618/4, , 0.015, 6.5
s_row, 4, 5.2, , 9, , 8.1, 3.5, 0.1, 0.54, 0.18, 0.008, 140000, 70000, 0.0017, 628/4-2Z, , 0.015, 10
s_row, 4, 5.2, , 9, , 8.1, 4, 0.1, 0.54, 0.18, 0.008, 140000, 70000, 0.0013, 638/4-2Z, , 0.015, 10
s_row, 4, 6.1, , 11, , 9.9, 4, 0.15, 0.624, 0.18, 0.008, 130000, 63000, 0.0017, 619/4-2Z, , 0.02, 6.4
s_row, 4, 6.1, , 11, , 9.9, 4, 0.15, 0.624, 0.18, 0.008, 130000, 80000, 0.0017, 619/4, , 0.02, 6.4
s_row, 4, 6.1, , 12, , 9.8, 4, 0.2, 0.806, 0.18, 0.008, 120000, 75000, 0.0021, 604, , 0.025, 10
s_row, 4, 6.1, , 12, , 9.8, 4, 0.2, 0.806, 0.28, 0.012, 120000, 60000, 0.0021, 604-2Z, 604-Z, 0.025, 10
s_row, 4, 6.1, , 13, , 9.8, 5, 0.2, 0.936, 0.29, 0.012, 110000, 67000, 0.0031, 624, , 0.025, 10
s_row, 4, 6.7, , 13, , 11.2, 5, 0.2, 0.936, 0.29, 0.012, 110000, 53000, 0.0031, 624-2Z, 624-Z, 0.025, 7.3
s_row, 4, 6.7, , 16, , 11.2, 5, 0.2, 1.11, 0.38, 0.016, 95000, 60000, 0.0054, 634, , 0.03, 8.4
s_row, 4, 8.4, , 16, , 13.3, 5, 0.3, 1.11, 0.38, 0.016, , 28000, 0.0054, 634-2RS1, 634-RS1, 0.03, 8.4
s_row, 4, 8.4, , 16, , 13.3, 5, 0.3, 1.11, 0.38, 0.016, 95000, 48000, 0.0054, 634-2RZ, 634-RZ, 0.03, 8.4
s_row, 4, 8.4, , 16, , 13.3, 5, 0.3, 1.11, 0.38, 0.016, 95000, 48000, 0.0054, 634-2Z, 634-RZ, 0.03, 8.4
s_row, 4, 8.4, , 16, , 13.3, 5, 0.3, 1.11, 0.38, 0.016, 95000, 48000, 0.0054, 634-2Z, 634-RZ, 0.03, 8.4
s_row, 5, 6.8, , 11, 9.2, , 3, 0.15, 0.468, 0.143, 0.006, 120000, 75000, 0.0012, 618/5, , 0.015, 7.1
s_row, 5, 6.8, , 11, , 9.9, 4, 0.15, 0.64, 0.26, 0.011, 120000, 60000, 0.0014, 628/5-2Z, , 0.015, 11
s_row, 5, , 6.2, 11, , 9.9, 5, 0.15, 0.64, 0.26, 0.011, 120000, 60000, 0.0016, 638/5-2Z, , 0.015, 11
s_row, 5, 7.5, , 13, , 11.2, 4, 0.2, 0.884, 0.335, 0.014, 110000, 50000, 0.0025, 619/5-2Z, , 0.02, 11
s_row, 5, 7.5, , 13, , 11.2, 4, 0.2, 0.884, 0.335, 0.014, 110000, 70000, 0.0025, 619/5, , 0.02, 11
s_row, 5, 8.4, , 16, , 13.3, 5, 0.3, 1.14, 0.38, 0.016, 95000, 60000, 0.005, 625, , 0.03, 8.4
s_row, 5, 11.1, , 16, , 16.5, 5, 0.3, 2.34, 0.95, 0.04, 80000, 50000, 0.0085, 625-2Z, 625-Z, 0.03, 13
s_row, 5, 11.1, , 19, , 16.5, 6, 0.3, 2.34, 0.95, 0.04, 80000, 50000, 0.009, 635, , 0.03, 13
s_row, 5, 11.1, , 19, , 16.5, 6, 0.3, 2.34, 0.95, 0.04, , 24000, 0.009, 635-2RS1, 635-RS1, 0.03, 13
s_row, 5, 11.1, , 19, , 16.5, 6, 0.3, 2.34, 0.95, 0.04, 80000, 40000, 0.009, 635-2RZ, 635-RZ, 0.03, 13
s_row, 5, 11.1, , 19, , 16.5, 6, 0.3, 2.34, 0.95, 0.04, 80000, 40000, 0.0093, 635-2Z, 635-Z, 0.03, 13
s_row, 6, 8, , 13, 11, , 3.5, 0.15, 0.715, 0.224, 0.01, 110000, 67000, 0.002, 618/6, , 0.015, 7
s_row, 6, , 7.4, 13, , 11.7, 5, 0.15, 0.88, 0.35, 0.015, 110000, 53000, 0.0026, 628/6-2Z, , 0.015, 11
s_row, 6, 8.2, , 13, , 13, 5, 0.2, 0.884, 0.27, 0.011, 100000, 50000, 0.0039, 619/6-2Z, , 0.02, 6.8
s_row, 6, 8.2, , 15, , 13, 5, 0.2, 0.884, 0.27, 0.011, 100000, 63000, 0.0039, 619/6, , 0.02, 6.8
s_row, 6, 8.2, , 19, , 13, 6, 0.2, 2.34, 0.95, 0.04, 80000, 50000, 0.0081, 626, , 0.025, 13
s_row, 6, 11.1, , 19, , 16.5, 6, 0.3, 2.34, 0.95, 0.04, , 24000, 0.0083, 626-2RSH, 626-RSH, 0.025, 13
s_row, 6, 11.1, , 19, , 16.5, 6, 0.3, 2.34, 0.95, 0.04, 80000, 40000, 0.0083, 626-2RSL, 626-RSL, 0.025, 13
s_row, 6, 11.1, , 19, , 16.5, 6, 0.3, 2.34, 0.95, 0.04, 80000, 40000, 0.0088, 626-2Z, 626-Z, 0.025, 13
s_row, 7, 9, , 14, 12, , 3.5, 0.15, 0.78, 0.26, 0.011, 100000, 63000, 0.0022, 618/7, , 0.015, 7.2
s_row, 7, , 8.5, 14, , 12.7, 5, 0.3, 0.956, 0.4, 0.017, 100000, 50000, 0.0031, 628/7-2Z, , 0.015, 11
s_row, 7, 10.4, , 17, , 14.3, 5, 0.3, 1.06, 0.375, 0.016, 90000, 45000, 0.0049, 619/7-2Z, , 0.02, 7.3
s_row, 7, 10.4, , 17, , 14.3, 5, 0.3, 1.06, 0.375, 0.016, 90000, 56000, 0.0049, 619/7, , 0.02, 7.3
s_row, 7, 11.1, , 19, , 16.5, 6, 0.3, 2.34, 0.95, 0.04, 85000, 53000, 0.0076, 607, , 0.025, 13
s_row, 7, , 9.5, 19, , 16.5, 6, 0.3, 2.34, 0.95, 0.04, , 24000, 0.0078, 607-2RSH, 607-RSH, 0.025, 13
s_row, 7, , 9.5, 19, , 16.5, 6, 0.3, 2.34, 0.95, 0.04, 85000, 43000, 0.0078, 607-2RSL, 607-RSL, 0.025, 13
s_row, 7, 12.1, , 22, , 19.2, 7, 0.3, 3.45, 1.37, 0.057, 70000, 45000, 0.012, 627, , 0.025, 12
s_row, 7, , 10.5, 22, , 19.2, 7, 0.3, 3.45, 1.37, 0.057, , 22000, 0.013, 627-2RSH, 627-RSH, 0.025, 12
s_row, 7, , 10.5, 22, , 19.2, 7, 0.3, 3.45, 1.37, 0.057, 70000, 36000, 0.013, 627-2RSL, 627-RSL, 0.025, 12
s_row, 7, 12.1, , 22, , 19.2, 7, 0.3, 3.45, 1.37, 0.057, 70000, 36000, 0.013, 627-2Z, 627-Z, 0.025, 12
s_row, 8, 10.5, , 16, 13.5, , 4, 0.2, 0.819, 0.3, 0.012, 90000, 56000, 0.003, 618/8, , 0.015, 7.5
s_row, 8, 10.1, , 16, , 14.2, 5, 0.2, 1.33, 0.57, 0.024, , 26000, 0.0036, 628/8-2RS1, , 0.015, 11
s_row, 8, 10.1, , 16, , 14.2, 5, 0.2, 1.33, 0.57, 0.024, 90000, 45000, 0.0036, 628/8-2Z, , 0.015, 11
s_row, 8, , 9.6, 16, , 14.2, 6, 0.2, 1.33, 0.57, 0.024, 90000, 45000, 0.0043, 638/8-2Z, , 0.015, 11
s_row, 8, , 9.8, 19, , 16.7, 6, 0.3, 1.46, 0.465, 0.02, , 24000, 0.0071, 619/8-2RS1, , 0.02, 6.6
s_row, 8, , 9.8, 19, , 16.7, 6, 0.3, 1.46, 0.465, 0.02, 85000, 43000, 0.0071, 619/8-2Z, , 0.02, 6.6
s_row, 8, 10.5, , 19, , 16.7, 6, 0.3, 1.46, 0.465, 0.02, 85000, 53000, 0.0071, 619/8, , 0.02, 6.6
s_row, 8, 11.1, , 19, , 16.5, 6, 0.3, 2.34, 0.95, 0.04, 85000, 43000, 0.0072, 607/8-2Z, 607/8-Z, 0.025, 13
s_row, 8, 12.1, , 22, , 19.2, 7, 0.3, 3.45, 1.37, 0.057, 75000, 48000, 0.012, 608, , 0.025, 12
s_row, 8, , 10.5, 22, , 19.2, 7, 0.3, 3.45, 1.37, 0.057, , 22000, 0.012, 608-2RSH, 608-RSH, 0.025, 12
s_row, 8, , 10.5, 22, , 19.2, 7, 0.3, 3.45, 1.37, 0.057, 75000, 38000, 0.012, 608-2RSL, 608-RSL, 0.025, 12
s_row, 8, 12.1, , 22, , 19.2, 7, 0.3, 3.45, 1.37, 0.057, 75000, 38000, 0.013, 608-2Z, 608-Z, 0.025, 12
s_row, 8, 12.1, , 22, , 19.2, 11, 0.3, 3.45, 1.37, 0.057, , 22000, 0.016, 630/8-2RS1, , 0.025, 12
s_row, 8, 11.8, , 24, , 19, 8, 0.3, 3.9, 1.66, 0.071, 63000, 40000, 0.018, 628, , 0.025, 13
s_row, 8, 14.4, , 24, , 21.2, 8, 0.3, 3.9, 1.66, 0.071, , 19000, 0.017, 628-2RS1, 628-RS1, 0.03, 13
s_row, 8, 14.4, , 24, , 21.2, 8, 0.3, 3.9, 1.66, 0.071, 63000, 32000, 0.017, 628-2RZ, 628-RZ, 0.03, 13
s_row, 8, 14.4, , 24, , 21.2, 8, 0.3, 3.9, 1.66, 0.071, 63000, 32000, 0.018, 628-2Z, 628-Z, 0.03, 13
s_row, 8, 14.4, , 28, , 21.2, 9, 0.3, 1.33, 0.57, 0.024, 60000, 30000, 0.03, 638-2RZ, 638-RZ, 0.03, 11
s_row, 9, 11.5, , 17, 14.5, , 4, 0.2, 0.871, 0.34, 0.014, 85000, 53000, 0.0034, 618/9, , 0.015, 7.7
s_row, 9, , 10.7, 17, , 15.2, 5, 0.2, 1.43, 0.64, 0.027, , 24000, 0.0043, 628/9-2RS1, , 0.015, 11
s_row, 9, , 10.7, 17, , 15.2, 5, 0.2, 1.43, 0.64, 0.027, 85000, 43000, 0.0043, 628/9-2Z, 628/9-Z, 0.015, 11
s_row, 9, 11.6, , 20, , 17.5, 6, 0.3, 2.34, 0.98, 0.043, 80000, 40000, 0.0076, 619/9-2Z, , 0.02, 12
s_row, 9, 11.6, , 20, , 17.5, 6, 0.3, 2.34, 0.98, 0.043, 80000, 50000, 0.0076, 619/9, , 0.02, 12
s_row, 9, 14.4, , 24, , 21.2, 7, 0.3, 3.9, 1.66, 0.071, 70000, 43000, 0.014, 609, , 0.025, 13
s_row, 9, , 12.8, 26, , 21.2, 8, 0.3, 4.75, 1.96, 0.083, , 19000, 0.02, 609-2RSH, 609-RSH, 0.025, 13
s_row, 9, , 12.8, 26, , 21.2, 8, 0.3, 4.75, 1.96, 0.083, 60000, 30000, 0.02, 609-2RSL, 609-RSL, 0.025, 13
s_row, 9, 14.4, , 26, , 21.2, 8, 0.3, 4.75, 1.96, 0.083, 60000, 30000, 0.021, 629-2Z, 629-Z, 0.025, 13
s_row, 9, 14.8, , 26, , 22.6, 8, 0.3, 4.75, 1.96, 0.083, 60000, 38000, 0.02, 629, , 0.025, 12
s_row, 9, , 12.5, 26, , 22.6, 8, 0.3, 4.75, 1.96, 0.083, , 19000, 0.02, 629-2RSH, 629-RSH, 0.025, 12
s_row, 9, , 12.5, 26, , 22.6, 8, 0.3, 4.75, 1.96, 0.083, 60000, 30000, 0.02, 629-2RSL, 629-RSL, 0.025, 12
s_row, 9, 14.8, , 26, , 22.6, 8, 0.3, 4.75, 1.96, 0.083, 60000, 30000, 0.021, 629-2Z, 629-Z, 0.025, 12
s_row, 10, , 11.8, 19, , 17.2, 5, 0.3, 1.72, 0.83, 0.036, , 22000, 0.0055, 61800-2RS1, , 0.015, 15
s_row, 10, 12.7, , 19, , 17.2, 5, 0.3, 1.72, 0.83, 0.036, 80000, 38000, 0.0055, 61800-2Z, , 0.015, 15
s_row, 10, 12.7, , 19, 16.3, , 5, 0.3, 1.72, 0.83, 0.036, 80000, 48000, 0.0053, 61800, , 0.015, 15
s_row, 10, 13.2, , 22, , 19.4, 6, 0.3, 2.7, 1.27, 0.054, , 20000, 0.01, 61900-2RS1, , 0.02, 14
s_row, 10, 13.9, , 22, , 19.4, 6, 0.3, 2.7, 1.27, 0.054, 70000, 36000, 0.01, 61900-2Z, , 0.02, 14
s_row, 10, 13.9, , 22, 18.2, , 6, 0.3, 2.7, 1.27, 0.054, 70000, 45000, 0.01, 61900, , 0.02, 14
s_row, 10, 14.8, , 26, , 22.6, 8, 0.3, 4.75, 1.96, 0.083, 67000, 40000, 0.019, 6000, , 0.025, 12
s_row, 10, , 12.5, 26, , 22.6, 8, 0.3, 4.75, 1.96, 0.083, , 19000, 0.019, 6000-2RSH, 6000-RSH, 0.025, 12
s_row, 10, , 12.5, 26, , 22.6, 8, 0.3, 4.75, 1.96, 0.083, 67000, 34000, 0.019, 6000-2RSL, 6000-RSL, 0.025, 12
s_row, 10, 14.8, , 26, , 22.6, 8, 0.3, 4.75, 1.96, 0.083, 67000, 34000, 0.02, 6000-2Z, 6000-Z, 0.025, 12
s_row, 10, 14.8, , 26, , 22.6, 12, 0.3, 4.62, 1.96, 0.083, , 19000, 0.025, 63000-2RS1, , 0.025, 12
s_row, 10, 14.8, , 28, , 22.6, 8, 0.3, 5.07, 2.36, 0.1, 60000, 30000, 0.026, 16100-2Z, , 0.025, 13
s_row, 10, 17, , 28, , 24.8, 8, 0.3, 5.07, 2.36, 0.1, 60000, 38000, 0.024, 16100, , 0.025, 13
s_row, 10, 17, , 30, , 24.8, 9, 0.6, 5.4, 2.36, 0.1, 56000, 36000, 0.031, 6200, , 0.03, 13
s_row, 10, , 15, 30, , 24.8, 9, 0.6, 5.4, 2.36, 0.1, , 17000, 0.032, 6200-2RSH, 6200-RSH, 0.03, 13
s_row, 10, , 15, 30, , 24.8, 9, 0.6, 5.4, 2.36, 0.1, 56000, 28000, 0.032, 6200-2RSL, 6200-RSL, 0.03, 13
s_row, 10, 17, , 30, , 24.8, 9, 0.6, 5.4, 2.36, 0.1, 56000, 28000, 0.034, 6200-2Z, 6200-Z, 0.03, 13
s_row, 10, 17, , 30, , 24.8, 14, 0.6, 5.07, 2.36, 0.1, , 17000, 0.04, 62200-2RS1, , 0.03, 11
s_row, 10, 17.5, , 35, , 28.7, 11, 0.6, 8.52, 3.4, 0.143, 50000, 32000, 0.053, 6300, , 0.03, 11
s_row, 10, , 15.5, 35, , 28.7, 11, 0.6, 8.52, 3.4, 0.143, , 15000, 0.054, 6300-2RSH, 6300-RSH, 0.03, 11
s_row, 10, , 15.5, 35, , 28.7, 11, 0.6, 8.52, 3.4, 0.143, 50000, 26000, 0.053, 6300-2RSL, 6300-RSL, 0.03, 11
s_row, 10, 17.5, , 35, , 28.7, 11, 0.6, 8.52, 3.4, 0.143, 50000, 26000, 0.055, 6300-2Z, 6300-Z, 0.03, 11
s_row, 10, 17.5, , 35, , 28.7, 17, 0.6, 8.06, 3.4, 0.143, , 15000, 0.06, 62300-2RS1, , 0.03, 11
s_row, 12, , 14.1, 21, , 19, 5, 0.3, 1.74, 0.915, 0.039, , 20000, 0.0063, 61801-2RS1, , 0.015, 13
s_row, 12, 14.8, , 21, , 19, 5, 0.3, 1.74, 0.915, 0.039, 70000, 36000, 0.0063, 61801-2Z, , 0.015, 13
s_row, 12, 14.8, , 21, 18.3, , 5, 0.3, 1.74, 0.915, 0.039, 70000, 43000, 0.0063, 61801, , 0.015, 13
s_row, 12, , 15.3, 24, , 21.4, 6, 0.3, 2.91, 1.46, 0.062, , 19000, 0.011, 61901-2RS1, , 0.02, 15
s_row, 12, 16, , 24, , 21.4, 6, 0.3, 2.91, 1.46, 0.062, 67000, 32000, 0.011, 61901-2Z, , 0.02, 15
s_row, 12, 16, , 24, 20.3, , 6, 0.3, 2.91, 1.46, 0.062, 67000, 40000, 0.011, 61901, , 0.02, 15
s_row, 12, 17, , 28, , 24.8, 8, 0.3, 5.4, 2.36, 0.1, 60000, 38000, 0.021, 6001, , 0.025, 13
s_row, 12, , 14.7, 28, , 24.8, 8, 0.3, 5.4, 2.36, 0.1, , 17000, 0.022, 6001-2RSH, 6001-RSH, 0.025, 13
s_row, 12, , 14.7, 28, , 24.8, 8, 0.3, 5.4, 2.36, 0.1, 60000, 30000, 0.021, 6001-2RSL, 6001-RSL, 0.025, 13
s_row, 12, 17, , 28, , 24.8, 8, 0.3, 5.4, 2.36, 0.1, 60000, 30000, 0.022, 6001-2Z, 6001-Z, 0.025, 13
s_row, 12, 17, , 28, , 24.8, 12, 0.3, 5.07, 2.36, 0.1, , 17000, 0.029, 63001-2RS1, , 0.025, 13
s_row, 12, 17, , 28, , 24.8, 8, 0.3, 5.07, 2.36, 0.1, , 17000, 0.028, 16101-2RS1, , 0.025, 13
s_row, 12, 17, , 28, , 24.8, 8, 0.3, 5.07, 2.36, 0.1, 56000, 28000, 0.028, 16101-2Z, , 0.025, 13
s_row, 12, 17, , 30, , 24.8, 8, 0.3, 5.07, 2.36, 0.1, 60000, 38000, 0.026, 16101, , 0.025, 13
s_row, 12, 17, , 32, , 24.8, 10, 0.3, 7.28, 3.1, 0.132, 50000, 32000, 0.037, 6201, , 0.025, 12
s_row, 12, 17, , 32, , 24.8, 10, 0.3, 7.28, 3.1, 0.132, , 15000, 0.038, 6201-2RSH, 6201-RSH, 0.025, 12
s_row, 12, 17, , 32, , 24.8, 10, 0.3, 7.28, 3.1, 0.132, 50000, 26000, 0.038, 6201-2RSL, 6201-RSL, 0.025, 12
s_row, 12, 17, , 32, , 24.8, 10, 0.3, 7.28, 3.1, 0.132, 50000, 26000, 0.039, 6201-2Z, 6201-Z, 0.025, 12
s_row, 12, 17, , 32, , 24.8, 14, 0.3, 6.89, 3.1, 0.132, , 15000, 0.045, 62201-2RS1, , 0.025, 12
s_row, 12, 18.4, , 37, , 27.4, 12, 0.6, 10.1, 4.15, 0.176, 45000, 28000, 0.06, 6301, , 0.03, 11
s_row, 12, , 16.2, 37, , 27.4, 12, 0.6, 10.1, 4.15, 0.176, , 14000, 0.062, 6301-2RSH, 6301-RSH, 0.03, 11
s_row, 12, , 16.2, 37, , 27.4, 12, 0.6, 10.1, 4.15, 0.176, 45000, 22000, 0.06, 6301-2RSL, 6301-RSL, 0.03, 11
s_row, 12, 18.4, , 37, , 27.4, 12, 0.6, 10.1, 4.15, 0.176, 45000, 22000, 0.063, 6301-2Z, 6301-Z, 0.03, 11
s_row, 12, 18.5, , 37, , 31.5, 17, 1, 9.75, 4.15, 0.176, , 14000, 0.07, 62301-2RS1, , 0.03, 11
s_row, 12, , 17.5, 37, , 31.5, 17, 1, 9.75, 4.15, 0.176, , 14000, 0.07, 62301-2RS1, , 0.03, 11
s_row, 12, , 17.5, 37, , 31.5, 17, 1, 9.75, 4.15, 0.176, , 14000, 0.07, 62301-2RS1, , 0.03, 11
s_row, 15, 17.8, , 24, , 22.2, 5, 0.3, 1.9, 1.1, 0.048, , 17000, 0.0074, 61802-2RS1, , 0.015, 14
s_row, 15, 17.8, , 24, , 22.2, 5, 0.3, 1.9, 1.1, 0.048, 60000, 30000, 0.0074, 61802-2Z, , 0.015, 14
s_row, 15, 17.8, , 24, 21.3, , 5, 0.3, 1.9, 1.1, 0.048, 60000, 38000, 0.0065, 61802, , 0.015, 14
s_row, 15, 18.8, , 28, , 25.3, 7, 0.3, 4.36, 2.24, 0.095, , 16000, 0.016, 61902-2RS1, , 0.02, 14
s_row, 15, 18.8, , 28, , 25.3, 7, 0.3, 4.36, 2.24, 0.095, 56000, 28000, 0.016, 61902-2RZ, , 0.02, 14
s_row, 15, 18.8, , 28, , 25.3, 7, 0.3, 4.36, 2.24, 0.095, 56000, 28000, 0.016, 61902-2Z, , 0.02, 14
s_row, 15, 18.8, , 28, , 25.3, 7, 0.3, 4.36, 2.24, 0.095, 56000, 34000, 0.016, 61902, , 0.02, 14
s_row, 15, 18.8, , 32, , 28.2, 8, 0.3, 5.85, 2.85, 0.12, 50000, 32000, 0.027, 16002, , 0.025, 14
s_row, 15, 20.5, , 32, , 28.2, 8, 0.3, 5.85, 2.85, 0.12, 50000, 26000, 0.025, 16002-2Z, 16002-Z, 0.025, 14
s_row, 15, 20.5, , 32, , 28.2, 9, 0.3, 5.85, 2.85, 0.12, 50000, 32000, 0.03, 6002, , 0.025, 14
s_row, 15, , 18.3, 32, , 28.2, 9, 0.3, 5.85, 2.85, 0.12, , 14000, 0.03, 6002-2RSH, 6002-RSH, 0.025, 14
s_row, 15, , 18.3, 32, , 28.2, 9, 0.3, 5.85, 2.85, 0.12, 50000, 26000, 0.03, 6002-2RSL, 6002-RSL, 0.025, 14
s_row, 15, 20.5, , 32, , 28.2, 9, 0.3, 5.85, 2.85, 0.12, 50000, 26000, 0.032, 6002-2Z, 6002-Z, 0.025, 14
s_row, 15, 20.5, , 35, , 30.5, 13, 0.6, 5.59, 2.85, 0.12, , 14000, 0.039, 63002-2RS1, , 0.025, 13
s_row, 15, 20.5, , 35, , 30.5, 11, 0.6, 8.06, 3.75, 0.16, 43000, 28000, 0.045, 6202, , 0.025, 13
s_row, 15, 21.7, , 35, , 30.8, 11, 0.6, 8.06, 3.75, 0.16, , 13000, 0.046, 6202-2RSH, 6202-RSH, 0.025, 13
s_row, 15, , 18.6, 35, , 30.5, 11, 0.6, 8.06, 3.75, 0.16, , 13000, 0.046, 6202-2RSH, 6202-RSH, 0.025, 13
s_row, 15, , 18.6, 35, , 30.5, 11, 0.6, 8.06, 3.75, 0.16, 43000, 22000, 0.046, 6202-2RSL, 6202-RSL, 0.025, 13
s_row, 15, 21.7, , 35, , 30.5, 11, 0.6, 8.06, 3.75, 0.16, 43000, 22000, 0.048, 6202-2Z, 6202-Z, 0.025, 13
s_row, 15, 21.7, , 35, , 30.4, 14, 0.6, 7.8, 3.75, 0.16, , 13000, 0.054, 62202-2RS1, , 0.025, 13
s_row, 15, 23.7, , 42, , 36.3, 13, 1, 11.9, 5.4, 0.228, 38000, 24000, 0.082, 6302, , 0.03, 12
s_row, 15, , 20.6, 42, , 36.3, 13, 1, 11.9, 5.4, 0.228, , 12000, 0.085, 6302-2RSH, 6302-RSH, 0.03, 12
s_row, 15, , 20.6, 42, , 36.3, 13, 1, 11.9, 5.4, 0.228, 38000, 19000, 0.085, 6302-2RSL, 6302-RSL, 0.03, 12
s_row, 15, 23.7, , 42, , 36.3, 13, 1, 11.9, 5.4, 0.228, 38000, 19000, 0.086, 6302-2Z, 6302-Z, 0.03, 12
s_row, 15, 23.7, , 42, , 36.3, 17, 1, 11.4, 5.4, 0.228, , 12000, 0.11, 62302-2RS1, , 0.03, 12
s_row, 15, , 42.1, 52, , 49.3, 7, 0.3, 4.49, 3.75, 0.16, , 7500, 0.034, 61808-2RS1, , 0.015, 15
s_row, 17, 19.8, , 26, , 24.2, 5, 0.3, 2.03, 1.27, 0.054, , 16000, 0.0082, 61803-2RS1, , 0.015, 14
s_row, 17, 19.8, , 26, , 24.2, 5, 0.3, 2.03, 1.27, 0.054, 56000, 28000, 0.0082, 61803-2RZ, , 0.015, 14
s_row, 17, 19.8, , 26, , 24.2, 5, 0.3, 2.03, 1.27, 0.054, 56000, 28000, 0.0082, 61803-2Z, , 0.015, 14
s_row, 17, 19.8, , 26, , 24.2, 5, 0.3, 2.03, 1.27, 0.054, 56000, 34000, 0.0075, 61803, , 0.015, 14
s_row, 17, 19.8, , 30, 23.3, , 7, 0.3, 4.62, 2.55, 0.108, , 14000, 0.017, 61903-2RS1, , 0.02, 15
s_row, 17, , 19.4, 30, , 27.7, 7, 0.3, 4.62, 2.55, 0.108, 50000, 26000, 0.017, 61903-2Z, , 0.02, 15
s_row, 17, 20.4, , 30, , 27.7, 7, 0.3, 4.62, 2.55, 0.108, 50000, 26000, 0.018, 61903-2RZ, , 0.02, 15
s_row, 17, 20.4, , 35, , 27.7, 8, 0.3, 6.37, 3.25, 0.137, 50000, 32000, 0.016, 61903, , 0.02, 15
s_row, 17, 20.4, , 35, , 27.7, 8, 0.3, 6.37, 3.25, 0.137, 45000, 22000, 0.032, 16003-2Z, , 0.02, 15
s_row, 17, 23, , 35, , 31.2, 8, 0.3, 6.37, 3.25, 0.137, 45000, 28000, 0.031, 16003, , 0.025, 14
s_row, 17, 23, , 35, , 31.2, 10, 0.3, 6.37, 3.25, 0.137, 45000, 28000, 0.038, 6003, , 0.025, 14
s_row, 17, 23, , 35, , 31.2, 10, 0.3, 6.37, 3.25, 0.137, , 13000, 0.039, 6003-2RSH, 6003-RSH, 0.025, 14
s_row, 17, , 20.4, 35, , 31.2, 10, 0.3, 6.37, 3.25, 0.137, 45000, 22000, 0.039, 6003-2RSL, 6003-RSL, 0.025, 14
s_row, 17, 23, , 35, , 31.2, 10, 0.3, 6.37, 3.25, 0.137, 45000, 22000, 0.041, 6003-2Z, 6003-Z, 0.025, 13
s_row, 17, 24.5, , 40, , 35, 12, 0.6, 9.95, 4.75, 0.2, 38000, 24000, 0.065, 6203, , 0.025, 13
s_row, 17, , 21.7, 40, , 35, 12, 0.6, 9.95, 4.75, 0.2, , 12000, 0.067, 6203-2RSH, 6203-RSH, 0.025, 13
s_row, 17, , 21.7, 40, , 35, 12, 0.6, 9.95, 4.75, 0.2, 38000, 19000, 0.067, 6203-2RSL, 6203-RSL, 0.025, 13
s_row, 17, 24.5, , 40, , 35, 12, 0.6, 9.95, 4.75, 0.2, 38000, 19000, 0.068, 6203-2Z, 6203-Z, 0.025, 13
s_row, 17, 24.5, , 40, , 35, 15, 0.6, 11.4, 5.4, 0.228, 38000, 24000, 0.064, 6203 ETN9, , 0.03, 12
s_row, 17, 24.5, , 47, 32.7, , 14, 0.6, 9.56, 4.75, 0.2, , 12000, 0.089, 62203-2RS1, , 0.025, 13
s_row, 17, , 21.5, 47, , 35, 14, 0.6, 9.56, 4.75, 0.2, , 12000, 0.089, 62203-2RS1, , 0.025, 13
s_row, 17, 26.5, , 47, , 39.6, 14, 1, 14.3, 6.55, 0.275, 34000, 22000, 0.11, 6303, , 0.03, 12
s_row, 17, , 23.4, 47, , 39.6, 14, 1, 14.3, 6.55, 0.275, , 11000, 0.12, 6303-2RSH, 6303-RSH, 0.03, 12
s_row, 17, , 23.4, 47, , 39.6, 14, 1, 14.3, 6.55, 0.275, 34000, 17000, 0.12, 6303-2RSL, 6303-RSL, 0.03, 12
s_row, 17, 26.5, , 47, , 39.6, 14, 1, 14.3, 6.55, 0.275, 34000, 17000, 0.12, 6303-2Z, 6303-Z, 0.03, 12
s_row, 17, 26.5, , 47, , 39.6, 19, 1, 13.5, 6.55, 0.275, , 11000, 0.16, 62303-2RS1, , 0.03, 12
s_row, 17, 32.4, , 62, , 48.7, 17, 1.1, 22.9, 10.8, 0.455, 28000, 18000, 0.27, 6403, , 0.035, 11
s_row, 20, 23.8, , 32, , 29.4, 7, 0.6, 4.03, 2.32, 0.104, , 13000, 0.018, 61804-2RS1, , 0.015, 15
s_row, 20, 23.8, , 32, , 29.4, 7, 0.6, 4.03, 2.32, 0.104, 45000, 22000, 0.018, 61804-2RZ, , 0.015, 15
s_row, 20, 23.8, , 32, 28.3, , 7, 0.3, 4.03, 2.32, 0.104, 45000, 28000, 0.018, 61804, , 0.015, 15
s_row, 20, 25.5, , 37, , 32.7, 9, 0.3, 6.37, 3.65, 0.156, , 12000, 0.038, 61904-2RS1, , 0.02, 15
s_row, 20, 25.5, , 37, , 32.7, 9, 0.3, 6.37, 3.65, 0.156, 43000, 20000, 0.038, 61904-2RZ, , 0.02, 15
s_row, 20, 25.5, , 37, , 32.7, 9, 0.3, 6.37, 3.65, 0.156, 43000, 26000, 0.037, 61904, , 0.02, 15
s_row, 20, 27.2, , 42, , 37.2, 8, 0.3, 7.28, 4.05, 0.173, 38000, 24000, 0.051, 16004, , 0.02, 15
s_row, 20, 27.2, , 42, , 37.2, 12, 0.6, 9.95, 5, 0.212, 38000, 24000, 0.067, 6004, , 0.025, 14
s_row, 20, , 24.6, 42, , 37.2, 12, 0.6, 9.95, 5, 0.212, , 11000, 0.067, 6004-2RSH, 6004-RSH, 0.025, 14
s_row, 20, , 24.6, 42, , 37.2, 12, 0.6, 9.95, 5, 0.212, 38000, 19000, 0.069, 6004-2RSL, 6004-RSL, 0.025, 14
s_row, 20, 27.2, , 42, , 37.2, 12, 0.6, 9.95, 5, 0.212, 38000, 19000, 0.071, 6004-2Z, 6004-Z, 0.025, 14
s_row, 20, 27.2, , 42, , 37.2, 16, 0.6, 9.36, 5, 0.212, , 11000, 0.086, 63004-2RS1, , 0.025, 13
s_row, 20, 28.8, , 47, , 40.6, 14, 1, 13.5, 6.55, 0.28, 32000, 20000, 0.11, 6204, , 0.025, 13
s_row, 20, , 26, 47, , 40.6, 14, 1, 13.5, 6.55, 0.28, , 10000, 0.11, 6204-2RSH, 6204-RSH, 0.025, 13
s_row, 20, , 26, 47, , 40.6, 14, 1, 13.5, 6.55, 0.28, 32000, 17000, 0.11, 6204-2RSL, 6204-RSL, 0.025, 13
s_row, 20, 28.8, , 47, , 40.6, 14, 1, 13.5, 6.55, 0.28, 32000, 17000, 0.11, 6204-2Z, 6204-Z, 0.025, 13
s_row, 20, 28.8, , 47, , 40.6, 15, 1, 15.6, 7.65, 0.325, 32000, 20000, 0.098, 6204 ETN9, , 0.025, 13
s_row, 20, 28.2, , 52, 39.6, , 15, 1, 15.9, 7.8, 0.335, 30000, 15000, 0.15, 6304-2RSL, 6304-RSL, 0.03, 12
s_row, 20, 28.8, , 52, , 40.6, 15, 1, 16.8, 7.8, 0.335, 30000, 19000, 0.14, 6304, , 0.03, 12
s_row, 20, , 26.9, 52, , 44.8, 15, 1.1, 16.8, 7.8, 0.335, , 9500, 0.15, 6304-2RSH, 6304-RSH, 0.03, 12
s_row, 20, , 26.9, 52, , 44.8, 15, 1.1, 16.8, 7.8, 0.335, 30000, 15000, 0.15, 6304-2Z, 6304-Z, 0.03, 12
s_row, 20, 30.3, , 52, , 44.8, 15, 1.1, 16.8, 7.8, 0.335, 30000, 19000, 0.14, 6304 ETN9, , 0.03, 12
s_row, 20, 30.3, , 52, , 44.8, 21, 1.1, 15.9, 7.8, 0.335, , 9500, 0.21, 62304-2RS1, , 0.03, 12
s_row, 20, 30.3, , 52, 42.6, , 21, 1.1, 15.9, 7.8, 0.335, , 9500, 0.21, 62304-2RS1, , 0.03, 12
s_row, 20, 37.1, , 72, 54.8, , 19, 1.1, 30.7, 15, 0.64, 24000, 15000, 0.41, 6404, , 0.035, 11
s_row, 22, 32.2, , 50, , 44, 14, 1, 14, 7.65, 0.325, , 9000, 0.12, 62/22-2RS1, , 0.025, 14
s_row, 22, 32.2, , 50, , 44, 14, 1, 14, 7.65, 0.325, 30000, 19000, 0.12, 62/22, , 0.025, 14
s_row, 22, 32.9, , 56, 45.3, , 16, 1.1, 18.6, 9.3, 0.39, 28000, 18000, 0.18, 63/22, , 0.03, 12
s_row, 25, , 27.4, 37, , 34.2, 7, 0.6, 4.36, 2.6, 0.125, , 11000, 0.022, 61805-2RS1, , 0.015, 14
s_row, 25, 28.5, , 37, , 34.2, 7, 0.3, 4.36, 2.6, 0.125, 38000, 19000, 0.022, 61805-2RZ, , 0.015, 14
s_row, 25, 28.5, , 37, 33.2, , 7, 0.6, 4.36, 2.6, 0.125, 38000, 24000, 0.022, 61805, , 0.015, 14
s_row, 25, 30.2, , 42, , 37.7, 9, 0.6, 7.02, 4.3, 0.193, , 10000, 0.045, 61905-2RS1, , 0.02, 15
s_row, 25, 30.2, , 42, , 37.7, 9, 0.6, 7.02, 4.3, 0.193, 36000, 18000, 0.045, 61905-2RZ, , 0.02, 15
s_row, 25, 30.2, , 42, , 37.7, 9, 0.6, 7.02, 4.3, 0.193, 36000, 22000, 0.045, 61905, , 0.02, 15
s_row, 25, 33.3, , 47, , 42.2, 8, 0.3, 8.06, 4.75, 0.212, 32000, 20000, 0.055, 16005, , 0.02, 15
s_row, 25, 32, , 47, , 42.2, 12, 0.6, 11.9, 6.55, 0.275, 32000, 20000, 0.078, 6005, , 0.025, 14
s_row, 25, , 29.4, 47, , 42.2, 12, 0.6, 11.9, 6.55, 0.275, , 9500, 0.081, 6005-2RSH, 6005-RSH, 0.025, 14
s_row, 25, , 29.4, 47, , 42.2, 12, 0.6, 11.9, 6.55, 0.275, 32000, 16000, 0.08, 6005-2RSL, 6005-RSL, 0.025, 14
s_row, 25, 32, , 47, , 42.2, 12, 0.6, 11.9, 6.55, 0.275, 32000, 16000, 0.083, 6005-2Z, 6005-Z, 0.025, 14
s_row, 25, 32, , 47, , 42.2, 16, 0.6, 11.2, 6.55, 0.275, , 9500, 0.11, 63005-2RS1, , 0.025, 14
s_row, 25, 34.3, , 52, , 46.3, 15, 1, 14.8, 7.8, 0.335, 28000, 18000, 0.13, 6205, , 0.025, 14
s_row, 25, , 31.3, 52, , 46.3, 15, 1, 14.8, 7.8, 0.335, , 8500, 0.13, 6205-2RSH, 6205-RSH, 0.025, 14
s_row, 25, , 31.3, 52, , 46.3, 15, 1, 14.8, 7.8, 0.335, 28000, 14000, 0.13, 6205-2RSL, 6205-RSL, 0.025, 14
s_row, 25, 34.3, , 52, , 46.3, 15, 1, 14.8, 7.8, 0.335, 28000, 14000, 0.13, 6205-2Z, 6205-Z, 0.025, 13
s_row, 25, 33.1, , 52, , 46.3, 15, 1, 17.8, 9.3, 0.4, 28000, 18000, 0.12, 6205 ETN9, , 0.025, 13
s_row, 25, 34.3, , 52, , 46.3, 18, 1, 14, 7.8, 0.335, , 8500, 0.13, 62205-2RS1, , 0.025, 14
s_row, 25, 36.6, , 62, , 52.7, 17, 1.1, 23.4, 11.6, 0.49, 24000, 16000, 0.23, 6305, , 0.03, 12
s_row, 25, , 33, 62, , 52.7, 17, 1.1, 23.4, 11.6, 0.49, , 7500, 0.24, 6305-2RSH, 6305-RSH, 0.03, 12
s_row, 25, , 33, 62, , 52.7, 17, 1.1, 23.4, 11.6, 0.49, 24000, 13000, 0.23, 6305-2RZ, 6305-RZ, 0.03, 12
s_row, 25, 36.6, , 62, , 52.7, 17, 1.1, 23.4, 11.6, 0.49, 24000, 13000, 0.23, 6305-2Z, 6305-Z, 0.03, 12
s_row, 25, 36.6, , 62, , 52.7, 17, 1.1, 26, 13.4, 0.57, 24000, 16000, 0.22, 6305 ETN9, , 0.03, 12
s_row, 25, 36.3, , 62, 51.7, , 24, 1.1, 22.5, 11.6, 0.49, , 7500, 0.32, 62305-2RS1, , 0.03, 12
s_row, 25, 36.6, , 62, , 52.7, 24, 1.1, 22.5, 11.6, 0.49, , 7500, 0.32, 62305-2RS1, , 0.03, 12
s_row, 25, 45.4, , 80, 62.9, , 21, 1.5, 35.8, 19.3, 0.815, 20000, 13000, 0.54, 6405, , 0.035, 12
s_row, 28, 37, , 58, , 51.5, 16, 1, 16.8, 9.5, 0.405, 26000, 16000, 0.17, 62/28, , 0.025, 14
s_row, 28, 41.7, , 68, , 57.8, 18, 1.1, 25.1, 13.7, 0.585, 22000, 14000, 0.3, 63/28, , 0.03, 13
s_row, 30, , 32.6, 42, , 39.4, 7, 0.6, 4.49, 2.9, 0.146, , 9500, 0.025, 61806-2RS1, , 0.015, 14
s_row, 30, 33.7, , 42, , 39.4, 7, 0.6, 4.49, 2.9, 0.146, 32000, 16000, 0.025, 61806-2RZ, , 0.015, 14
s_row, 30, 33.7, , 42, 38.4, , 7, 0.3, 4.49, 2.9, 0.146, 32000, 20000, 0.025, 61806, , 0.015, 14
s_row, 30, , 34.2, 47, , 42.7, 9, 0.3, 7.28, 4.55, 0.212, , 8500, 0.051, 61906-2RS1, , 0.02, 14
s_row, 30, 35.2, , 47, , 42.7, 9, 0.3, 7.28, 4.55, 0.212, 30000, 15000, 0.051, 61906-2RZ, , 0.02, 14
s_row, 30, 35.2, , 47, , 42.7, 9, 0.3, 7.28, 4.55, 0.212, 30000, 19000, 0.049, 61906, , 0.02, 14
s_row, 30, 37.7, , 55, 47.3, , 9, 0.3, 11.9, 7.35, 0.31, 28000, 17000, 0.089, 16006, , 0.02, 15
s_row, 30, 38.2, , 55, , 49, 13, 1, 13.8, 8.3, 0.355, 28000, 17000, 0.12, 6006, , 0.025, 15
s_row, 30, 38.2, , 55, , 49, 13, 1, 13.8, 8.3, 0.355, , 8000, 0.12, 6006-2RS1, 6006-RS1, 0.025, 15
s_row, 30, 38.2, , 55, , 49, 13, 1, 13.8, 8.3, 0.355, 28000, 14000, 0.12, 6006-2RZ, 6006-RZ, 0.025, 15
s_row, 30, 38.2, , 55, , 49, 13, 1, 13.8, 8.3, 0.355, 28000, 14000, 0.12, 6006-2Z, 6006-Z, 0.025, 15
s_row, 30, 38.2, , 55, , 49, 19, 1, 13.3, 8.3, 0.355, , 8000, 0.17, 63006-2RS1, , 0.025, 15
s_row, 30, 40.3, , 62, , 54.1, 16, 1, 20.3, 11.2, 0.475, 24000, 15000, 0.2, 6206, , 0.025, 14
s_row, 30, , 37.3, 62, , 54.1, 16, 1, 20.3, 11.2, 0.475, , 7500, 0.21, 6206-2RSH, 6206-RSH, 0.025, 14
s_row, 30, 40.3, , 62, , 54.1, 16, 1, 20.3, 11.2, 0.475, 24000, 12000, 0.2, 6206-2RZ, 6206-RZ, 0.025, 14
s_row, 30, 40.3, , 62, , 54.1, 16, 1, 20.3, 11.2, 0.475, 24000, 12000, 0.21, 6206-2Z, 6206-Z, 0.025, 14
s_row, 30, 39.5, , 62, 52.9, , 16, 1, 23.4, 12.9, 0.54, 24000, 15000, 0.18, 6206 ETN9, , 0.025, 13
s_row, 30, 40.3, , 62, , 54.1, 20, 1, 19.5, 11.2, 0.475, , 7500, 0.25, 62206-2RS1, , 0.025, 14
s_row, 30, 44.6, , 72, , 61.9, 19, 1.1, 29.6, 16, 0.67, 20000, 13000, 0.35, 6306, , 0.03, 13
s_row, 30, , 41.1, 72, , 63.2, 19, 1.1, 29.6, 16, 0.67, , 6300, 0.35, 6306-2RSH, 6306-RSH, 0.03, 13
s_row, 30, 44.6, , 72, , 61.9, 19, 1.1, 29.6, 16, 0.67, 20000, 11000, 0.36, 6306-2RZ, 6306-RZ, 0.03, 13
s_row, 30, 44.6, , 72, , 61.9, 19, 1.1, 29.6, 16, 0.67, 20000, 11000, 0.36, 6306-2Z, 6306-Z, 0.03, 13
s_row, 30, 42.3, , 72, 59.6, , 19, 1.1, 32.5, 17.3, 0.735, 22000, 14000, 0.33, 6306 ETN9, , 0.03, 12
s_row, 30, 44.6, , 72, , 61.9, 27, 1.1, 28.1, 16, 0.67, , 6300, 0.5, 62306-2RS1, , 0.03, 13
s_row, 30, 50.3, , 90, 69.7, , 23, 1.5, 43.6, 23.6, 1, 18000, 11000, 0.75, 6406, , 0.035, 12
s_row, 35, 38.2, , 47, , 44.4, 7, 0.3, 4.36, 3.35, 0.14, , 8500, 0.022, 61807-2RS1, , 0.015, 14
s_row, 35, 38.2, , 47, , 44.4, 7, 0.3, 4.36, 3.35, 0.14, 30000, 15000, 0.03, 61807-2RZ, , 0.015, 14
s_row, 35, 38.2, , 47, 42.8, , 7, 0.3, 4.36, 3.35, 0.14, 30000, 18000, 0.029, 61807, , 0.015, 14
s_row, 35, 42.2, , 55, , 52.2, 10, 0.6, 10.8, 7.8, 0.325, , 7500, 0.08, 61907-2RS1, , 0.02, 16
s_row, 35, 42.2, , 55, , 52.2, 10, 0.6, 10.8, 7.8, 0.325, 26000, 13000, 0.08, 61907-2RZ, , 0.02, 16
s_row, 35, 42.2, , 55, , 52.2, 10, 0.6, 10.8, 7.8, 0.325, 26000, 16000, 0.08, 61907, , 0.02, 16
s_row, 35, 44, , 62, 53, , 9, 0.3, 13, 8.15, 0.375, 24000, 15000, 0.11, 16007, , 0.02, 14
s_row, 35, 43.7, , 62, , 55.7, 14, 1, 16.8, 10.2, 0.44, 24000, 15000, 0.15, 6007, , 0.025, 15
s_row, 35, 43.7, , 62, , 55.7, 14, 1, 16.8, 10.2, 0.44, , 7000, 0.16, 6007-2RS1, 6007-RS1, 0.025, 15
s_row, 35, 43.7, , 62, , 55.7, 14, 1, 16.8, 10.2, 0.44, 24000, 12000, 0.16, 6007-2RZ, 6007-RZ, 0.025, 15
s_row, 35, 43.7, , 62, , 55.7, 14, 1, 16.8, 10.2, 0.44, 24000, 12000, 0.16, 6007-2Z, 6007-Z, 0.025, 15
s_row, 35, 46.9, , 72, , 62.7, 17, 1.1, 27, 15.3, 0.655, 20000, 13000, 0.29, 6207, , 0.025, 14
s_row, 35, , 43.5, 72, , 64.1, 17, 1.1, 27, 15.3, 0.655, , 6300, 0.3, 6207-2RSH, 6207-RSH, 0.025, 14
s_row, 35, 46.9, , 72, , 62.7, 17, 1.1, 27, 15.3, 0.655, 20000, 10000, 0.3, 6207-2Z, 6207-Z, 0.025, 14
s_row, 35, 46.9, , 72, , 62.7, 23, 1.1, 25.5, 15.3, 0.655, , 6300, 0.4, 62207-2RS1, , 0.025, 14
s_row, 35, 46.1, , 80, 61.7, , 21, 1.1, 35.1, 19, 0.815, 19000, 12000, 0.46, 6307, , 0.03, 13
s_row, 35, 46.9, , 80, , 62.7, 21, 1.1, 35.1, 19, 0.815, 19000, 17000, 0.54, 6307 M, , 0.03, 14
s_row, 35, 49.5, , 80, , 69.2, 21, 1.5, 35.1, 19, 0.815, , 6000, 0.46, 6307-2RSH, 6307-RSH, 0.03, 13
s_row, 35, 49.5, , 80, , 69.2, 31, 1.5, 33.2, 19, 0.815, , 6000, 0.68, 62307-2RS1, , 0.03, 13
s_row, 35, , 45.9, 80, , 70.2, 21, 1.5, 35.1, 19, 0.815, 19000, 9500, 0.48, 6307-2Z, 6307-Z, 0.03, 13
s_row, 35, 49.5, , 80, , 69.2, 21, 1.5, 35.1, 19, 0.815, , 6000, 0.46, 6307-2RSH, 6307-RSH, 0.03, 13
s_row, 35, 49.5, , 100, , 69.2, 25, 1.5, 55.3, 31, 1.29, 16000, 10000, 0.97, 6407, , 0.035, 12
s_row, 35, 57.4, , 100, 79.6, , 25, 1.5, 55.3, 31, 1.29, 16000, 10000, 0.97, 6407, , 0.035, 12
s_row, 40, 43.2, , 52, , 49.3, 7, 0.3, 4.49, 3.75, 0.16, 26000, 13000, 0.034, 61808-2RZ, , 0.015, 15
s_row, 40, 43.2, , 52, 48.1, , 7, 0.3, 4.49, 3.75, 0.16, 26000, 16000, 0.032, 61808, , 0.015, 15
s_row, 40, 46.9, , 52, , 57.3, 12, 0.6, 13.8, 10, 0.425, , 6700, 0.12, 61908-2RS1, , 0.02, 16
s_row, 40, 46.9, , 62, , 57.3, 12, 0.6, 13.8, 10, 0.425, 24000, 12000, 0.12, 61908-2RZ, , 0.02, 16
s_row, 40, 46.9, , 62, , 57.3, 12, 0.6, 13.8, 10, 0.425, 24000, 14000, 0.12, 61908, , 0.02, 16
s_row, 40, 49.4, , 62, 58.6, , 9, 0.3, 13.8, 10.2, 0.44, 22000, 14000, 0.13, 16008, , 0.02, 16
s_row, 40, 49.2, , 68, , 61.1, 15, 1, 17.8, 11, 0.49, 22000, 14000, 0.19, 6008, , 0.025, 15
s_row, 40, 49.2, , 68, , 61.1, 15, 1, 17.8, 11, 0.49, , 6300, 0.2, 6008-2RS1, 6008-RS1, 0.025, 15
s_row, 40, 49.2, , 68, , 61.1, 15, 1, 17.8, 11, 0.49, 22000, 11000, 0.2, 6008-2RZ, 6008-RZ, 0.025, 15
s_row, 40, 49.2, , 68, , 61.1, 15, 1, 17.8, 11, 0.49, 22000, 11000, 0.2, 6008-2Z, 6008-Z, 0.025, 15
s_row, 40, 52.6, , 68, , 69.8, 21, 1.1, 16.8, 11, 0.49, , 6300, 0.27, 63008-2RS1, , 0.025, 14
s_row, 40, , 49.1, 80, , 71.5, 18, 1.1, 32.5, 19, 0.8, , 5600, 0.37, 6208-2RSH, 6208-RSH, 0.025, 14
s_row, 40, 52.6, , 80, , 69.8, 18, 1.1, 32.5, 19, 0.8, 18000, 11000, 0.37, 6208, , 0.025, 14
s_row, 40, 52.6, , 80, , 69.8, 18, 1.1, 32.5, 19, 0.8, 18000, 9000, 0.38, 6208-2RZ, 6208-RZ, 0.025, 14
s_row, 40, 52.6, , 80, , 69.8, 18, 1.1, 32.5, 19, 0.8, 18000, 9000, 0.38, 6208-2Z, 6208-Z, 0.025, 14
s_row, 40, 52, , 80, 68.8, , 18, 1.1, 35.8, 20.8, 0.88, 18000, 11000, 0.34, 6208 ETN9, , 0.025, 13
s_row, 40, 52.6, , 80, , 69.8, 23, 1.1, 30.7, 19, 0.8, , 5600, 0.47, 62208-2RS1, , 0.025, 14
s_row, 40, , 52.3, 90, , 78.6, 23, 1.5, 42.3, 24, 1.02, , 5000, 0.64, 6308-2RSH, 6308-RSH, 0.03, 13
s_row, 40, 56.1, , 90, , 77.7, 23, 1.5, 42.3, 24, 1.02, 17000, 11000, 0.63, 6308, , 0.03, 13
s_row, 40, 56.1, , 90, , 77.7, 23, 1.5, 42.3, 24, 1.02, 17000, 8500, 0.65, 6308-2RZ, 6308-RZ, 0.03, 13
s_row, 40, 56.1, , 90, , 77.7, 23, 1.5, 42.3, 24, 1.02, 17000, 8500, 0.65, 6308-2Z, 6308-Z, 0.03, 13
s_row, 40, 56.1, , 90, , 77.7, 33, 1.5, 41, 24, 1.02, , 5000, 0.92, 62308-2RS1, , 0.03, 13
s_row, 40, 62.8, , 110, 87, , 27, 2, 63.7, 36.5, 1.53, 14000, 9000, 1.25, 6408, , 0.035, 12
s_row, 45, 48.2, , 58, , 55.4, 7, 0.3, 6.63, 6.1, 0.26, , 6700, 0.04, 61809-2RS1, , 0.015, 17
s_row, 45, 48.2, , 58, , 55.4, 7, 0.3, 6.63, 6.1, 0.26, 22000, 11000, 0.04, 61809-2RZ, , 0.015, 17
s_row, 45, 48.2, , 58, 54, , 7, 0.3, 6.63, 6.1, 0.26, 22000, 14000, 0.04, 61809, , 0.015, 17
s_row, 45, 52.4, , 68, , 62.8, 12, 0.6, 14, 10.8, 0.465, , 6000, 0.14, 61909-2RS1, , 0.02, 16
s_row, 45, 52.4, , 68, , 62.8, 12, 0.6, 14, 10.8, 0.465, 20000, 10000, 0.14, 61909-2RZ, , 0.02, 16
s_row, 45, 52.4, , 68, 61.2, , 12, 0.6, 14, 10.8, 0.465, 20000, 13000, 0.14, 61909, , 0.02, 16
s_row, 45, 55, , 75, 65, , 10, 0.6, 16.5, 10.8, 0.52, 20000, 12000, 0.17, 16009, , 0.02, 14
s_row, 45, 54.7, , 75, , 67.8, 16, 1, 22.1, 14.6, 0.64, 20000, 12000, 0.24, 6009, , 0.025, 15
s_row, 45, 54.7, , 75, , 67.8, 16, 1, 22.1, 14.6, 0.64, , 5600, 0.25, 6009-2RS1, 6009-RS1, 0.025, 15
s_row, 45, 54.7, , 75, , 67.8, 16, 1, 22.1, 14.6, 0.64, 20000, 10000, 0.25, 6009-2Z, 6009-Z, 0.025, 15
s_row, 45, 57.6, , 75, , 75.2, 23, 1.1, 20.8, 14.6, 0.64, , 5600, 0.36, 63009-2RS1, , 0.025, 14
s_row, 45, , 54.1, 85, , 76.5, 19, 1.1, 35.1, 21.6, 0.915, , 5000, 0.42, 6209-2RSH, 6209-RSH, 0.025, 14
s_row, 45, 57.6, , 85, , 75.2, 19, 1.1, 35.1, 21.6, 0.915, 17000, 11000, 0.42, 6209, , 0.025, 14
s_row, 45, 57.6, , 85, , 75.2, 19, 1.1, 35.1, 21.6, 0.915, 17000, 8500, 0.43, 6209-2Z, 6209-Z, 0.025, 14
s_row, 45, 57.6, , 85, , 75.2, 23, 1.1, 33.2, 21.6, 0.915, , 5000, 0.51, 62209-2RS1, , 0.025, 14
s_row, 45, 62.1, , 100, , 86.7, 25, 1.5, 55.3, 31.5, 1.34, 15000, 9500, 0.84, 6309, , 0.03, 13
s_row, 45, 62.1, , 100, , 86.7, 25, 1.5, 55.3, 31.5, 1.34, 15000, 14000, 0.85, 6309 M, , 0.03, 13
s_row, 45, , 58.2, 100, , 87.5, 25, 1.5, 55.3, 31.5, 1.34, , 4500, 0.85, 6309-2RSH, 6309-RSH, 0.03, 13
s_row, 45, 62.1, , 100, , 86.7, 25, 1.5, 55.3, 31.5, 1.34, 15000, 7500, 0.87, 6309-2Z, 6309-Z, 0.03, 13
s_row, 45, 62.1, , 100, , 86.7, 36, 1.5, 52.7, 31.5, 1.34, , 4500, 1.2, 62309-2RS1, , 0.03, 13
s_row, 45, 68.9, , 120, 95.9, , 29, 2, 76.1, 45, 1.9, 13000, 8500, 1.55, 6409, , 0.035, 12
s_row, 50, 54.6, , 65, , 61.8, 7, 0.3, 6.76, 6.8, 0.285, , 6000, 0.052, 61810-2RS1, , 0.015, 17
s_row, 50, 54.6, , 65, , 61.8, 7, 0.3, 6.76, 6.8, 0.285, 20000, 10000, 0.052, 61810-2RZ, , 0.015, 17
s_row, 50, 54.6, , 65, 60.3, , 7, 0.3, 6.76, 6.8, 0.285, 20000, 13000, 0.052, 61810, , 0.015, 17
s_row, 50, 56.8, , 72, , 67.3, 12, 0.6, 14.6, 11.8, 0.5, , 5600, 0.14, 61910-2RS1, , 0.02, 16
s_row, 50, 56.8, , 72, , 67.3, 12, 0.6, 14.6, 11.8, 0.5, 19000, 9500, 0.14, 61910-2RZ, , 0.02, 16
s_row, 50, 56.8, , 72, 65.6, , 12, 0.6, 14.6, 11.8, 0.5, 19000, 12000, 0.14, 61910, , 0.02, 16
s_row, 50, 60, , 80, 70, , 10, 0.6, 16.8, 11.4, 0.56, 18000, 11000, 0.18, 16010, , 0.02, 14
s_row, 50, 59.7, , 80, , 72.8, 16, 1, 22.9, 16, 0.71, 18000, 11000, 0.26, 6010, , 0.025, 15
s_row, 50, 59.7, , 80, , 72.8, 16, 1, 22.9, 15.6, 0.71, , 5000, 0.27, 6010-2RS1, 6010-RS1, 0.025, 15
s_row, 50, 59.7, , 80, , 72.8, 16, 1, 22.9, 15.6, 0.71, 18000, 9000, 0.27, 6010-2RZ, 6010-RZ, 0.025, 15
s_row, 50, 59.7, , 80, , 72.8, 16, 1, 22.9, 15.6, 0.71, 18000, 9000, 0.27, 6010-2Z, 6010-Z, 0.025, 15
s_row, 50, 62.5, , 80, , 81.7, 16, 1.1, 21.6, 15.6, 0.71, , 5000, 0.38, 63010-2RS1, , 0.025, 15
s_row, 50, 62.5, , 90, , 81.7, 20, 1.1, 37.1, 23.2, 0.98, 15000, 10000, 0.46, 6210, , 0.025, 14
s_row, 50, , 58.8, 90, , 82.2, 20, 1.1, 37.1, 23.2, 0.98, , 4800, 0.46, 6210-2RSH, 6210-RSH, 0.025, 14
s_row, 50, 62.5, , 90, , 81.7, 20, 1.1, 37.1, 23.2, 0.98, 15000, 8000, 0.47, 6210-2Z, 6210-Z, 0.025, 14
s_row, 50, 62.5, , 90, , 81.7, 20, 1.1, 37.1, 23.2, 0.98, 15000, 8000, 0.48, 6210-2RZ, 6210-RZ, 0.025, 14
s_row, 50, 62.5, , 90, , 81.7, 23, 1.1, 35.1, 23.2, 0.98, , 4800, 0.54, 62210-2RS1, , 0.025, 14
s_row, 50, 68.7, , 110, , 95.2, 27, 2, 65, 38, 1.6, 13000, 8500, 1.3, 6310 M, , 0.03, 13
s_row, 50, , 64.7, 110, , 95.9, 27, 2, 65, 38, 1.6, , 4300, 1.1, 6310-2RSH, 6310-RSH, 0.03, 13
s_row, 50, 68.7, , 110, , 95.2, 27, 2, 65, 38, 1.6, 13000, 8500, 1.1, 6310, , 0.03, 13
s_row, 50, 68.7, , 110, , 95.2, 27, 2, 65, 38, 1.6, 13000, 6700, 1.1, 6310-2Z, 6310-Z, 0.03, 13
s_row, 50, 68.7, , 110, , 95.2, 40, 2, 61.8, 38, 1.6, , 4300, 1.6, 62310-2RS1, , 0.03, 13
s_row, 50, 75.4, , 130, 105, , 31, 2.1, 87.1, 52, 2.2, 12000, 7500, 1.95, 6410, , 0.035, 12
s_row, 55, 60.3, , 72, , 68.6, 9, 0.3, 9.04, 8.8, 0.375, , 5300, 0.083, 61811-2RS1, , 0.015, 17
s_row, 55, 60.3, , 72, , 68.6, 9, 0.3, 9.04, 8.8, 0.375, 19000, 9500, 0.083, 61811-2RZ, , 0.015, 17
s_row, 55, 60.3, , 72, 67, , 9, 0.3, 9.04, 8.8, 0.375, 19000, 12000, 0.083, 61811, , 0.015, 17
s_row, 55, 63, , 80, , 74.2, 13, 1, 16.5, 14, 0.6, , 5000, 0.19, 61911-2RS1, , 0.02, 16
s_row, 55, 63, , 80, , 74.2, 13, 1, 16.5, 14, 0.6, 17000, 8500, 0.19, 61911-2RZ, , 0.02, 16
s_row, 55, 63, , 80, 72.3, , 13, 1, 16.5, 14, 0.6, 17000, 11000, 0.19, 61911, , 0.02, 16
s_row, 55, 67, , 90, 78.1, , 11, 0.6, 20.3, 14, 0.695, 16000, 10000, 0.26, 16011, , 0.02, 14
s_row, 55, 66.3, , 90, , 81.5, 18, 1.1, 29.6, 21.2, 0.9, 16000, 14000, 0.44, 6011 M, , 0.025, 15
s_row, 55, 66.3, , 90, , 81.5, 18, 1.1, 29.6, 21.2, 0.9, 16000, 10000, 0.38, 6011, , 0.025, 15
s_row, 55, 66.3, , 90, , 81.5, 18, 1.1, 29.6, 21.2, 0.9, , 4500, 0.4, 6011-2RS1, 6011-RS1, 0.025, 15
s_row, 55, 66.3, , 90, , 81.5, 18, 1.1, 29.6, 21.2, 0.9, 16000, 8000, 0.4, 6011-2Z, 6011-Z, 0.025, 15
s_row, 55, 69, , 100, , 89.4, 21, 1.5, 46.2, 29, 1.25, 14000, 9000, 0.61, 6211, , 0.025, 14
s_row, 55, 69, , 100, , 89.4, 21, 1.5, 46.2, 29, 1.25, 14000, 13000, 0.72, 6211 M, , 0.025, 14
s_row, 55, , 65.2, 100, , 90.5, 21, 1.5, 46.2, 29, 1.25, , 4300, 0.62, 6211-2RSH, 6211-RSH, 0.025, 14
s_row, 55, 69, , 100, , 89.4, 21, 1.5, 46.2, 29, 1.25, 14000, 7000, 0.64, 6211-2Z, 6211-Z, 0.025, 14
s_row, 55, 69, , 100, , 89.4, 25, 1.5, 43.6, 29, 1.25, , 4300, 0.75, 62211-2RS1, , 0.025, 14
s_row, 55, 75.3, , 120, , 104, 29, 2, 74.1, 45, 1.9, 12000, 8000, 1.35, 6311, , 0.03, 13
s_row, 55, 75.3, , 120, , 104, 29, 2, 74.1, 45, 1.9, 12000, 11000, 1.65, 6311 M, , 0.03, 13
s_row, 55, , 71.1, 120, , 105, 29, 2, 74.1, 45, 1.9, , 3800, 1.4, 6311-2RSH, 6311-RSH, 0.03, 13
s_row, 55, 75.3, , 120, , 104, 29, 2, 74.1, 45, 1.9, 12000, 6300, 1.4, 6311-2Z, 6311-Z, 0.03, 13
s_row, 55, 75.3, , 120, , 104, 43, 2, 71.5, 45, 1.9, , 3800, 2.05, 62311-2RS1, , 0.03, 13
s_row, 55, 81.5, , 140, 114, , 33, 2.1, 99.5, 62, 2.6, 11000, 7000, 2.35, 6411, , 0.035, 12
s_row, 60, 65.4, , 78, , 74.5, 10, 0.3, 11.9, 11.4, 0.49, , 4800, 0.11, 61812-2RS1, , 0.015, 17
s_row, 60, 65.4, , 78, , 74.5, 10, 0.3, 11.9, 11.4, 0.49, 17000, 8500, 0.11, 61812-2RZ, , 0.015, 17
s_row, 60, 65.4, , 78, 72.9, , 10, 0.3, 11.9, 11.4, 0.49, 17000, 11000, 0.11, 61812, , 0.015, 17
s_row, 60, 68.3, , 85, , 78.7, 13, 1, 16.5, 12, 0.6, , 4500, 0.21, 61912-2RS1, , 0.02, 14
s_row, 60, 68.3, , 85, , 78.7, 13, 1, 16.5, 12, 0.6, 16000, 10000, 0.2, 61912, , 0.02, 14
s_row, 60, 68.3, , 85, , 78.7, 13, 1, 16.5, 14.3, 0.6, 16000, 8000, 0.2, 61912-2RZ, , 0.02, 16
s_row, 60, 72, , 95, 83, , 11, 0.6, 20.8, 15, 0.735, 15000, 9500, 0.29, 16012, , 0.02, 14
s_row, 60, 71.3, , 95, , 86.5, 18, 1.1, 30.7, 23.2, 0.98, 15000, 9500, 0.41, 6012, , 0.025, 16
s_row, 60, 71.3, , 95, , 86.5, 18, 1.1, 30.7, 23.2, 0.98, , 4300, 0.43, 6012-2RS1, 6012-RS1, 0.025, 16
s_row, 60, 71.3, , 95, , 86.5, 18, 1.1, 30.7, 23.2, 0.98, 15000, 7500, 0.43, 6012-2RZ, 6012-RZ, 0.025, 16
s_row, 60, 71.3, , 95, , 86.5, 18, 1.1, 30.7, 23.2, 0.98, 15000, 7500, 0.43, 6012-2Z, 6012-Z, 0.025, 16
s_row, 60, 75.5, , 110, , 98, 22, 1.5, 55.3, 36, 1.53, 13000, 8000, 0.78, 6212, , 0.025, 14
s_row, 60, 75.5, , 110, , 98, 22, 1.5, 55.3, 36, 1.53, 13000, 8000, 0.93, 6212 M, , 0.025, 14
s_row, 60, , 71.5, 110, , 99.5, 22, 1.5, 55.3, 36, 1.53, , 4000, 0.79, 6212-2RSH, 6212-RSH, 0.025, 14
s_row, 60, 75.5, , 110, , 98, 22, 1.5, 55.3, 36, 1.53, 13000, 6300, 0.81, 6212-2Z, 6212-Z, 0.025, 14
s_row, 60, 75.5, , 110, , 98, 28, 1.5, 52.7, 36, 1.53, , 4000, 1, 62212-2RS1, , 0.025, 14
s_row, 60, 81.8, , 130, , 113, 31, 2.1, 85.2, 52, 2.2, , 7000, 2.1, 6312 M, , 0.03, 13
s_row, 60, , 77.5, 130, , 113, 31, 2.1, 85.2, 52, 2.2, , 3400, 1.75, 6312-2RSH, 6312-RSH, 0.03, 13
s_row, 60, 81.8, , 130, , 113, 31, 2.1, 85.2, 52, 2.2, 11000, 5600, 1.8, 6312-2Z, 6312-Z, 0.03, 13
s_row, 60, 81.8, , 130, , 113, 31, 2.1, 85.2, 52, 2.2, 11000, 7000, 1.7, 6312, , 0.03, 13
s_row, 60, 81.8, , 130, , 113, 46, 2.1, 81.9, 52, 2.2, , 3400, 2.55, 62312-2RS1, , 0.03, 13
s_row, 60, 88.1, , 150, 122, , 35, 2.1, 108, 69.5, 2.9, 10000, 6300, 2.85, 6412, , 0.035, 12
s_row, 65, 71.4, , 85, , 80.5, 10, 0.6, 12.4, 12.7, 0.54, , 4500, 0.13, 61813-2RS1, , 0.015, 17
s_row, 65, 71.4, , 85, , 80.5, 10, 0.6, 12.4, 12.7, 0.54, 16000, 8000, 0.13, 61813-2RZ, , 0.015, 17
s_row, 65, 71.4, , 85, 78.9, , 10, 0.6, 12.4, 12.7, 0.54, 16000, 10000, 0.13, 61813, , 0.015, 17
s_row, 65, 73, , 90, , 84.2, 13, 1, 17.4, 16, 0.68, , 4300, 0.22, 61913-2RS1, , 0.02, 17
s_row, 65, 73, , 90, , 84.2, 13, 1, 17.4, 16, 0.68, 15000, 7500, 0.22, 61913-2RZ, , 0.02, 17
s_row, 65, 73, , 90, 82.3, , 13, 1, 17.4, 16, 0.68, 15000, 9500, 0.22, 61913, , 0.02, 17
s_row, 65, 76.5, , 100, 88.4, , 11, 0.6, 22.5, 19.6, 0.83, 14000, 9000, 0.3, 16013, , 0.02, 16
s_row, 65, 76.3, , 100, , 91.5, 18, 1.1, 31.9, 25, 1.06, 14000, 9000, 0.44, 6013, , 0.025, 16
s_row, 65, 76.3, , 100, , 91.5, 18, 1.1, 31.9, 25, 1.06, 14000, 12000, 0.44, 6013 M, , 0.025, 16
s_row, 65, 76.3, , 100, , 91.5, 18, 1.1, 31.9, 25, 1.06, , 4000, 0.45, 6013-2RS1, 6013-RS1, 0.025, 16
s_row, 65, 76.3, , 100, , 91.5, 18, 1.1, 31.9, 25, 1.06, 14000, 7000, 0.46, 6013-2Z, 6013-Z, 0.025, 16
s_row, 65, 83.3, , 120, , 106, 23, 1.5, 58.5, 40.5, 1.73, 12000, 7500, 1, 6213, , 0.025, 15
s_row, 65, 83.3, , 120, , 106, 23, 1.5, 58.5, 40.5, 1.73, 12000, 10000, 1.2, 6213 M, , 0.025, 15
s_row, 65, 83.3, , 120, , 106, 23, 1.5, 58.5, 40.5, 1.73, , 3600, 1.05, 6213-2RS1, 6213-RS1, 0.025, 15
s_row, 65, 83.3, , 120, , 106, 23, 1.5, 58.5, 40.5, 1.73, 12000, 6000, 1.05, 6213-2Z, 6213-Z, 0.025, 15
s_row, 65, 83.3, , 120, , 106, 31, 1.5, 55.9, 40.5, 1.73, , 3600, 1.4, 62213-2RS1, , 0.025, 15
s_row, 65, 88.3, , 140, , 122, 33, 2.1, 97.5, 60, 2.5, 10000, 6700, 2.55, 6313 M, , 0.03, 13
s_row, 65, 88.3, , 140, , 122, 33, 2.1, 97.5, 60, 2.5, 10000, 6700, 2.1, 6313, , 0.03, 13
s_row, 65, 88.3, , 140, , 122, 33, 2.1, 97.5, 60, 2.5, , 3200, 2.15, 6313-2RS1, 6313-RS1, 0.03, 13
s_row, 65, 88.3, , 140, , 122, 33, 2.1, 97.5, 60, 2.5, 10000, 5300, 2.15, 6313-2Z, 6313-Z, 0.03, 13
s_row, 65, 88.3, , 140, , 122, 48, 2.1, 92.3, 60, 2.5, , 3200, 3, 62313-2RS1, , 0.03, 13
s_row, 65, 94, , 160, 131, , 37, 2.1, 119, 78, 3.15, 9500, 6000, 3.35, 6413, , 0.035, 12
s_row, 70, 76.4, , 90, , 85.5, 10, 0.6, 12.4, 13.2, 0.56, , 4300, 0.14, 61814-2RS1, , 0.015, 17
s_row, 70, 76.4, , 90, , 85.5, 10, 0.6, 12.4, 13.2, 0.56, 15000, 7500, 0.14, 61814-2RZ, , 0.015, 17
s_row, 70, 76.4, , 90, 83.9, , 10, 0.6, 12.4, 13.2, 0.56, 15000, 9000, 0.14, 61814, , 0.015, 17
s_row, 70, 79.8, , 100, , 92.9, 16, 1, 23.8, 18.3, 0.9, 14000, 8500, 0.34, 61914, , 0.02, 14
s_row, 70, 79.8, , 100, , 92.9, 16, 1, 23.8, 21.2, 0.9, , 4000, 0.35, 61914-2RS1, , 0.02, 16
s_row, 70, 79.8, , 100, , 92.9, 16, 1, 23.8, 21.2, 0.9, 14000, 7000, 0.35, 61914-2RZ, , 0.02, 16
s_row, 70, 83.3, , 110, 96.8, , 13, 0.6, 29.1, 25, 1.06, 13000, 8000, 0.44, 16014, , 0.02, 16
s_row, 70, 82.8, , 110, , 99.9, 20, 1.1, 39.7, 31, 1.32, 13000, 11000, 0.7, 6014 M, , 0.025, 16
s_row, 70, 82.8, , 110, , 99.9, 20, 1.1, 39.7, 31, 1.32, 13000, 8000, 0.61, 6014, , 0.025, 16
s_row, 70, 82.8, , 110, , 99.9, 20, 1.1, 39.7, 31, 1.32, , 3600, 0.63, 6014-2RS1, 6014-RS1, 0.025, 16
s_row, 70, 82.8, , 110, , 99.9, 20, 1.1, 39.7, 31, 1.32, 13000, 6300, 0.64, 6014-2Z, 6014-Z, 0.025, 16
s_row, 70, 87, , 125, , 111, 24, 1.5, 60.5, 45, 1.9, 11000, 10000, 1.3, 6214 M, , 0.025, 15
s_row, 70, 87, , 125, , 111, 24, 1.5, 63.7, 45, 1.9, 11000, 7000, 1.1, 6214, , 0.025, 15
s_row, 70, 87, , 125, , 111, 24, 1.5, 63.7, 45, 1.9, , 3400, 1.1, 6214-2RS1, 6214-RS1, 0.025, 15
s_row, 70, 87, , 125, , 111, 24, 1.5, 63.7, 45, 1.9, 11000, 5600, 1.15, 6214-2Z, 6214-Z, 0.025, 15
s_row, 70, 87, , 125, , 111, 31, 1.5, 60.5, 45, 1.9, , 3400, 1.4, 62214-2RS1, , 0.025, 15
s_row, 70, 94.9, , 150, , 130, 35, 2.1, 111, 68, 2.75, 9500, 6300, 2.55, 6314, , 0.03, 13
s_row, 70, 94.9, , 150, , 130, 35, 2.1, 111, 68, 2.75, 9500, 6300, 3.1, 6314 M, , 0.03, 13
s_row, 70, 94.9, , 150, , 130, 35, 2.1, 111, 68, 2.75, , 3000, 2.6, 6314-2RS1, 6314-RS1, 0.03, 13
s_row, 70, 94.9, , 150, , 130, 35, 2.1, 111, 68, 2.75, 9500, 5000, 2.65, 6314-2Z, 6314-Z, 0.03, 13
s_row, 70, 94.9, , 150, , 130, 51, 2.1, 104, 68, 2.75, , 3000, 3.75, 62314-2RS1, , 0.03, 13
s_row, 70, 103, , 180, 146, , 42, 3, 143, 104, 3.9, 8500, 5300, 4.95, 6414, , 0.035, 12
s_row, 75, 81.7, , 95, , 90.7, 10, 1.3, 12.5, 10.8, 0.585, , 4000, 0.15, 61815-2RS1, , 0.015, 13
s_row, 75, 81.7, , 95, , 90.7, 10, 1.3, 12.5, 10.8, 0.585, 14000, 7000, 0.15, 61815-2RZ, , 0.015, 13
s_row, 75, 81.7, , 95, , 90.7, 10, 1.3, 12.5, 10.8, 0.585, 14000, 8500, 0.15, 61815, , 0.015, 13
s_row, 75, 84.8, , 105, , 97.9, 16, 1.9, 24.2, 19.3, 0.965, 13000, 8000, 0.36, 61915, , 0.02, 14
s_row, 75, 84.7, , 105, , 98.3, 16, 1, 24.2, 22.4, 0.965, , 3600, 0.37, 61915-2RS1, , 0.02, 17
s_row, 75, 84.7, , 105, , 98.3, 16, 1, 24.2, 22.4, 0.965, 13000, 6300, 0.37, 61915-2RZ, , 0.02, 17
s_row, 75, 88.3, , 115, 102, , 13, 0.6, 30.2, 27, 1.14, 12000, 7500, 0.46, 16015, , 0.025, 16
s_row, 75, 87.8, , 115, , 105, 20, 1.1, 41.6, 33.5, 1.43, 12000, 10000, 0.74, 6015 M, , 0.025, 16
s_row, 75, 87.8, , 115, , 105, 20, 1.1, 41.6, 33.5, 1.43, 12000, 7500, 0.65, 6015, , 0.025, 16
s_row, 75, 87.8, , 115, , 105, 20, 1.1, 41.6, 33.5, 1.43, , 3400, 0.67, 6015-2RS1, 6015-RS1, 0.025, 16
s_row, 75, 87.8, , 115, , 105, 20, 1.1, 41.6, 33.5, 1.43, 12000, 6000, 0.67, 6015-2RZ, 6015-RZ, 0.025, 16
s_row, 75, 87.8, , 115, , 105, 20, 1.1, 41.6, 33.5, 1.43, 12000, 6000, 0.68, 6015-2Z, 6015-Z, 0.025, 16
s_row, 75, 92, , 130, , 117, 25, 1.5, 68.9, 49, 2.04, 10000, 9500, 1.4, 6215 M, , 0.025, 15
s_row, 75, 92, , 130, , 117, 25, 1.5, 68.9, 49, 2.04, 10000, 6700, 1.2, 6215, , 0.025, 15
s_row, 75, 92, , 130, , 117, 25, 1.5, 68.9, 49, 2.04, , 3200, 1.2, 6215-2RS1, 6215-RS1, 0.025, 15
s_row, 75, 92, , 130, , 117, 25, 1.5, 68.9, 49, 2.04, 10000, 5300, 1.25, 6215-2Z, 6215-Z, 0.025, 15
s_row, 75, 92, , 160, , 117, 37, 1.5, 119, 76.5, 3, 9000, 5600, 3.05, 6315, , 0.03, 13
s_row, 75, 92, , 160, , 117, 37, 1.5, 119, 76.5, 3, 9000, 5600, 3.7, 6315 M, , 0.03, 13
s_row, 75, 92, , 160, , 117, 37, 1.5, 119, 76.5, 3, , 2800, 3.15, 6315-2RS1, 6315-RS1, 0.03, 13
s_row, 75, 92, , 160, , 117, 37, 1.5, 119, 76.5, 3, 9000, 4500, 3.15, 6315-2Z, 6315-Z, 0.03, 13
s_row, 75, 101, , 190, , 139, 45, 2.1, 153, 114, 4.15, 8000, 5000, 5.8, 6415, , 0.035, 12
s_row, 75, 101, , 190, , 139, 45, 2.1, 153, 114, 4.15, 8000, 5000, 5.8, 6415, , 0.035, 12
s_row, 75, 110, , 190, 155, , 45, 3, 153, 114, 4.15, 8000, 5000, 5.8, 6415, , 0.035, 12
s_row, 80, 86.7, , 100, , 95.7, 10, 1.3, 12.7, 11.2, 0.61, , 3600, 0.16, 61816-2RS1, , 0.015, 13
s_row, 80, 86.7, , 100, , 95.7, 10, 1.3, 12.7, 11.2, 0.61, 13000, 8000, 0.15, 61816, , 0.015, 13
s_row, 80, 89.8, , 110, , 103, 16, 1, 25.1, 20.4, 1.02, , 3400, 0.4, 61916-2RS1, , 0.02, 14
s_row, 80, 89.8, , 110, , 103, 16, 1, 25.1, 20.4, 1.02, 12000, 6000, 0.4, 61916-2RZ, , 0.02, 14
s_row, 80, 89.8, , 110, , 103, 16, 1, 25.1, 20.4, 1.02, 12000, 7500, 0.38, 61916, , 0.02, 14
s_row, 80, 95.3, , 125, 110, , 14, 0.6, 35.1, 31.5, 1.32, 11000, 7000, 0.61, 16016, , 0.02, 16
s_row, 80, 94.4, , 125, , 115, 22, 1.1, 49.4, 40, 1.66, 11000, 7000, 0.86, 6016, , 0.025, 16
s_row, 80, 94.4, , 125, , 115, 22, 1.1, 49.4, 40, 1.66, , 3200, 0.88, 6016-2RS1, 6016-RS1, 0.025, 16
s_row, 80, 94.4, , 125, , 115, 22, 1.1, 49.4, 40, 1.66, 11000, 5600, 0.89, 6016-2Z, 6016-Z, 0.025, 16
s_row, 80, 101, , 140, , 127, 26, 2, 72.8, 55, 2.2, 9500, 6000, 1.45, 6216, , 0.025, 15
s_row, 80, 101, , 140, , 127, 26, 2, 72.8, 55, 2.2, 9500, 8500, 1.7, 6216 M, , 0.025, 15
s_row, 80, 101, , 140, , 127, 26, 2, 72.8, 55, 2.2, , 3000, 1.5, 6216-2RS1, 6216-RS1, 0.025, 15
s_row, 80, 101, , 140, , 127, 26, 2, 72.8, 55, 2.2, 9500, 4800, 1.55, 6216-2Z, 6216-Z, 0.025, 15
s_row, 80, 101, , 170, , 127, 39, 2.1, 130, 86.5, 3.25, 8500, 7500, 4.4, 6316 M, , 0.03, 13
s_row, 80, 108, , 170, , 147, 39, 2.1, 130, 86.5, 3.25, 8500, 5300, 3.65, 6316, , 0.03, 13
s_row, 80, 108, , 170, , 147, 39, 2.1, 130, 86.5, 3.25, , 2600, 3.7, 6316-2RS1, 6316-RS1, 0.03, 13
s_row, 80, 108, , 170, , 147, 39, 2.1, 130, 86.5, 3.25, 8500, 4300, 3.75, 6316-2Z, 6316-Z, 0.03, 13
s_row, 80, 116, , 200, 163, , 48, 3, 163, 125, 4.5, 7500, 4800, 6.85, 6416, , 0.035, 12
s_row, 85, 93.3, , 110, , 105, 13, 1.9, 19.5, 16.6, 0.88, , 3400, 0.28, 61817-2RS1, , 0.015, 14
s_row, 85, 93.3, , 110, , 105, 13, 1.9, 19.5, 16.6, 0.88, 12000, 6000, 0.28, 61817-2RZ, , 0.015, 14
s_row, 85, 93.3, , 110, , 105, 13, 1.9, 19.5, 16.6, 0.88, 12000, 7500, 0.26, 61817, , 0.015, 14
s_row, 85, 96.4, , 120, 109, , 18, 1.1, 31.9, 30, 1.25, 11000, 7000, 0.55, 61917, , 0.02, 16
s_row, 85, 100, , 130, 115, , 14, 0.6, 35.8, 33.5, 1.37, 11000, 6700, 0.64, 16017, , 0.025, 17
s_row, 85, 99.4, , 130, , 120, 22, 1.1, 52, 43, 1.76, 11000, 6700, 0.9, 6017, , 0.025, 16
s_row, 85, 99.4, , 130, , 120, 22, 1.1, 52, 43, 1.76, , 3000, 0.93, 6017-2RS1, 6017-RS1, 0.025, 16
s_row, 85, 99.4, , 130, , 120, 22, 1.1, 52, 43, 1.76, 11000, 5300, 0.94, 6017-2Z, 6017-Z, 0.025, 16
s_row, 85, 106, , 150, , 135, 28, 2, 87.1, 64, 2.5, 9000, 8000, 2, 6217 M, , 0.025, 15
s_row, 85, 106, , 150, , 135, 28, 2, 87.1, 64, 2.5, 9000, 5600, 1.8, 6217, , 0.025, 15
s_row, 85, 106, , 150, , 135, 28, 2, 87.1, 64, 2.5, , 2800, 1.9, 6217-2RS1, 6217-RS1, 0.025, 15
s_row, 85, 106, , 150, , 135, 28, 2, 87.1, 64, 2.5, 9000, 4500, 1.9, 6217-2Z, 6217-Z, 0.025, 15
s_row, 85, 114, , 180, , 156, 41, 3, 140, 96.5, 3.55, 8000, 5000, 4.25, 6317, , 0.03, 13
s_row, 85, 114, , 180, , 156, 41, 3, 140, 96.5, 3.55, 8000, 7500, 5.2, 6317 M, , 0.03, 13
s_row, 85, 114, , 180, , 156, 41, 3, 140, 96.5, 3.55, , 2400, 4.35, 6317-2RS1, 6317-RS1, 0.03, 13
s_row, 85, 114, , 180, , 156, 41, 3, 140, 96.5, 3.55, 8000, 4000, 4.4, 6317-2Z, 6317-Z, 0.03, 13
s_row, 85, 123, , 210, 172, , 52, 4, 174, 137, 4.75, 7000, 4500, 8.05, 6417, , 0.035, 12
s_row, 90, 98.3, , 115, , 110, 13, 1, 19.5, 17, 0.915, , 3200, 0.29, 61818-2RS1, , 0.015, 13
s_row, 90, 98.3, , 115, , 110, 13, 1, 19.5, 17, 0.915, 11000, 5600, 0.29, 61818-2RZ, , 0.015, 13
s_row, 90, 98.3, , 115, , 110, 13, 1, 19.5, 17, 0.915, 11000, 7000, 0.28, 61818, , 0.015, 13
s_row, 90, 101, , 125, 114, , 18, 1.1, 33.2, 31.5, 1.29, 11000, 6700, 0.59, 61918, , 0.02, 17
s_row, 90, 106, , 140, 124, , 16, 1, 43.6, 39, 1.56, 10000, 6300, 0.85, 16018, , 0.02, 16
s_row, 90, 105, , 140, , 129, 24, 1.5, 60.5, 50, 1.96, 10000, 8500, 1.35, 6018 M, , 0.025, 16
s_row, 90, 105, , 140, , 129, 24, 1.5, 60.5, 50, 1.96, 10000, 6300, 1.15, 6018, , 0.025, 16
s_row, 90, 105, , 140, , 129, 24, 1.5, 60.5, 50, 1.96, , 2800, 1.2, 6018-2RS1, 6018-RS1, 0.025, 16
s_row, 90, 105, , 140, , 129, 24, 1.5, 60.5, 50, 1.96, 10000, 5000, 1.2, 6018-2Z, 6018-Z, 0.025, 16
s_row, 90, 112, , 160, , 143, 30, 2, 101, 73.5, 2.8, 8500, 5300, 2.2, 6218, , 0.025, 15
s_row, 90, 112, , 160, , 143, 30, 2, 101, 73.5, 2.8, 8500, 5300, 2.65, 6218 M, , 0.025, 15
s_row, 90, 112, , 160, , 143, 30, 2, 101, 73.5, 2.8, , 2600, 2.3, 6218-2RS1, 6218-RS1, 0.025, 15
s_row, 90, 112, , 160, , 143, 30, 2, 101, 73.5, 2.8, 8500, 4300, 2.3, 6218-2Z, 6218-Z, 0.025, 15
s_row, 90, 112, , 190, , 143, 43, 2, 151, 108, 3.8, 7500, 7000, 6.1, 6318 M, , 0.03, 13
s_row, 90, 121, , 190, , 164, 43, 3, 151, 108, 3.8, 7500, 4800, 4.95, 6318, , 0.03, 13
s_row, 90, 121, , 190, , 164, 43, 3, 151, 108, 3.8, , 2400, 5.1, 6318-2RS1, 6318-RS1, 0.03, 13
s_row, 90, 121, , 190, , 164, 43, 3, 151, 108, 3.8, 7500, 3800, 5.15, 6318-2Z, 6318-Z, 0.03, 13
s_row, 90, 121, , 190, , 164, 43, 3, 151, 108, 3.8, 7500, 3800, 5.15, 6318-2Z, 6318-Z, 0.03, 13
s_row, 90, 132, , 225, 181, , 54, 4, 186, 150, 5, 6700, 4300, 9.8, 6418, , 0.035, 13
s_row, 95, 103, , 120, , 115, 13, 1, 19.9, 17.6, 0.93, , 3000, 0.31, 61819-2RS1, , 0.015, 13
s_row, 95, 103, , 120, , 115, 13, 1, 19.9, 17.6, 0.93, 11000, 6700, 0.29, 61819, , 0.015, 13
s_row, 95, 106, , 130, , 122, 18, 1.1, 33.8, 33.5, 1.34, , 3000, 0.65, 61919-2RS1, , 0.02, 17
s_row, 95, 106, , 130, , 122, 18, 1.1, 33.8, 33.5, 1.34, 10000, 6300, 0.61, 61919, , 0.02, 17
s_row, 95, 106, , 145, 119, , 16, 1.1, 44.9, 41.5, 1.63, 9500, 6000, 0.89, 16019, , 0.02, 17
s_row, 95, 111, , 145, , 134, 24, 1.5, 63.7, 54, 2.08, 9500, 6000, 1.2, 6019, , 0.025, 16
s_row, 95, 111, , 152, , 134, 24, 1.5, 63.7, 54, 2.08, , 2800, 1.25, 6019-2RS1, , 0.025, 16
s_row, 95, 111, , 152, , 134, 24, 1.5, 63.7, 54, 2.08, 9500, 4800, 1.25, 6019-2Z, 6019-Z, 0.025, 16
s_row, 95, 118, , 170, , 152, 32, 2.1, 114, 81.5, 3, 8000, 5000, 2.65, 6219, , 0.025, 14
s_row, 95, 118, , 170, , 152, 32, 2.1, 114, 81.5, 3, 8000, 5000, 3.2, 6219 M, , 0.025, 14
s_row, 95, 118, , 170, , 152, 32, 2.1, 114, 81.5, 3, , 2400, 2.7, 6219-2RS1, 6219-RS1, 0.025, 14
s_row, 95, 118, , 170, , 152, 32, 2.1, 114, 81.5, 3, 8000, 4000, 2.7, 6219-2Z, 6219-Z, 0.025, 14
s_row, 95, 127, , 200, , 172, 45, 3, 159, 118, 4.15, 7000, 4500, 5.75, 6319, , 0.03, 13
s_row, 95, 127, , 200, , 172, 45, 3, 159, 118, 4.15, 7000, 6300, 7.05, 6319 M, , 0.03, 13
s_row, 95, 127, , 200, , 172, 45, 3, 159, 118, 4.15, , 2200, 5.85, 6319-2RS1, 6319-RS1, 0.03, 13
s_row, 95, 127, , 200, , 172, 45, 3, 159, 118, 4.15, 7000, 3600, 5.85, 6319-2Z, 6319-Z, 0.03, 13
s_row, 100, 108, , 125, , 120, 13, 1, 17.8, 18.3, 0.95, , 3000, 0.32, 61820-2RS1, , 0.015, 13
s_row, 100, 108, , 125, , 120, 13, 1, 17.8, 18.3, 0.95, 10000, 5300, 0.32, 61820-2RZ, , 0.015, 13
s_row, 100, 108, , 125, , 120, 13, 1, 17.8, 18.3, 0.95, 10000, 6300, 0.3, 61820, , 0.015, 13
s_row, 100, 112, , 140, 128, , 20, 1.1, 42.3, 41.5, 1.63, 9500, 6000, 0.83, 61920, , 0.02, 16
s_row, 100, 116, , 150, 134, , 16, 1, 46.2, 44, 1.7, 9500, 5600, 0.94, 16020, , 0.02, 17
s_row, 100, 115, , 150, , 139, 24, 1.5, 63.7, 54, 2.04, 9500, 7500, 1.45, 6020 M, , 0.025, 16
s_row, 100, 115, , 150, , 139, 24, 1.5, 63.7, 54, 2.04, 9500, 5600, 1.25, 6020, , 0.025, 16
s_row, 100, 115, , 150, , 139, 24, 1.5, 63.7, 54, 2.04, , 2600, 1.3, 6020-2RS1, 6020-RS1, 0.025, 16
s_row, 100, 115, , 150, , 139, 24, 1.5, 63.7, 54, 2.04, 9500, 4500, 1.3, 6020-2Z, 6020-Z, 0.025, 16
s_row, 100, 124, , 180, , 160, 34, 2.1, 127, 93, 3.35, 7500, 4800, 3.2, 6220, , 0.025, 14
s_row, 100, 124, , 180, , 160, 34, 2.1, 127, 93, 3.35, 7500, 7000, 3.8, 6220 M, , 0.025, 14
s_row, 100, 124, , 180, , 160, 34, 2.1, 127, 93, 3.35, , 2400, 3.3, 6220-2RS1, 6220-RS1, 0.025, 14
s_row, 100, 124, , 180, , 160, 34, 2.1, 127, 93, 3.35, 7500, 3800, 3.3, 6220-2Z, 6220-Z, 0.025, 14
s_row, 100, 124, , 215, , 160, 47, 2.1, 174, 140, 4.75, 6700, 4300, 7.1, 6320, , 0.03, 13
s_row, 100, 135, , 215, , 184, 47, 3, 174, 140, 4.75, 6700, 6000, 8.7, 6320 M, , 0.03, 13
s_row, 100, 135, , 215, , 184, 47, 3, 174, 140, 4.75, , 2000, 7.2, 6320-2RS1, 6320-RS1, 0.03, 13
s_row, 100, 135, , 215, , 184, 47, 3, 174, 140, 4.75, 6700, 3400, 7.3, 6320-2Z, 6320-Z, 0.03, 13
s_row, 100, 135, , 215, , 184, 47, 3, 174, 140, 4.75, 6700, 3400, 7.3, 6320-2Z, 6320-Z, 0.03, 13
s_row, 105, 112, , 130, , 125, 13, 1, 20.8, 19.6, 1, , 2800, 0.33, 61821-2RS1, , 0.015, 13
s_row, 105, 112, , 130, , 125, 13, 1, 20.8, 19.6, 1, 10000, 5000, 0.33, 61821-2RZ, , 0.015, 13
s_row, 105, 112, , 130, , 125, 13, 1, 20.8, 19.6, 1, 10000, 6300, 0.31, 61821, , 0.015, 13
s_row, 105, 117, , 145, 133, , 20, 1.1, 44.2, 44, 1.7, 9500, 5600, 0.87, 61921, , 0.02, 17
s_row, 105, 123, , 160, 142, , 18, 1.1, 54, 51, 1.86, 8500, 5300, 1.2, 16021, , 0.02, 16
s_row, 105, 122, , 160, , 147, 24, 2, 76.1, 65.5, 2.4, 8500, 5300, 1.6, 6021, , 0.025, 16
s_row, 105, 122, , 160, , 147, 26, 2, 76.1, 65.5, 2.4, 8500, 7500, 1.85, 6021 M, , 0.025, 16
s_row, 105, 122, , 160, , 147, 26, 2, 76.1, 65.5, 2.4, , 2400, 1.65, 6021-2RS1, 6021-RS1, 0.025, 16
s_row, 105, 122, , 160, , 147, 26, 2, 76.1, 65.5, 2.4, 8500, 4300, 1.65, 6021-2Z, 6021-Z, 0.025, 16
s_row, 105, 131, , 190, , 167, 36, 2.1, 140, 104, 3.65, 7000, 4500, 3.8, 6221, , 0.025, 14
s_row, 105, 131, , 190, , 167, 36, 2.1, 140, 104, 3.65, 7000, 3600, 3.9, 6221-2Z, 6221-Z, 0.025, 14
s_row, 105, 141, , 225, , 194, 49, 3, 182, 153, 5.1, 6300, 3200, 8.25, 6321-2Z, 6321-Z, 0.03, 13
s_row, 105, 141, , 225, 188, , 49, 3, 182, 153, 5.1, 6300, 4000, 8.2, 6321, , 0.03, 13
s_row, 110, 118, , 140, , 135, 16, 1, 28.1, 26, 1.25, , 2600, 0.6, 61822-2RS1, , 0.015, 14
s_row, 110, 118, , 140, , 135, 16, 1, 28.1, 26, 1.25, 9500, 4500, 0.6, 61822-2RZ, , 0.015, 14
s_row, 110, 118, , 140, , 135, 16, 1, 28.1, 26, 1.25, 9500, 5600, 0.47, 61822, , 0.015, 14
s_row, 110, 122, , 150, 138, , 20, 1.1, 43.6, 45, 1.66, 9000, 5600, 0.9, 61922, , 0.02, 17
s_row, 110, 122, , 150, 138, , 20, 1.1, 43.6, 45, 1.66, 9000, 7500, 1.05, 61922 MA, , 0.02, 17
s_row, 110, 122, , 170, , 144, 19, 1.1, 60.5, 57, 2.04, 8000, 5000, 1.45, 16022, , 0.025, 17
s_row, 110, 130, , 170, , 156, 28, 2, 85.2, 73.5, 2.6, 8000, 5000, 1.95, 6022, , 0.025, 16
s_row, 110, 129, , 170, , 156, 28, 2, 85.2, 73.5, 2.6, 8000, 7000, 2.3, 6022 M, , 0.025, 16
s_row, 110, 129, , 170, , 156, 28, 2, 85.2, 73.5, 2.6, , 2400, 2, 6022-2RS1, 6022-RS1, 0.025, 16
s_row, 110, 129, , 170, , 156, 28, 2, 85.2, 73.5, 2.6, 8000, 4000, 2.05, 6022-2Z, 6022-Z, 0.025, 16
s_row, 110, 138, , 200, , 177, 38, 2.1, 151, 118, 4, 6700, 4300, 4.45, 6222, , 0.025, 14
s_row, 110, 138, , 200, , 177, 38, 2.1, 151, 118, 4, , 2000, 4.6, 6222-2RS1, 6222-RS1, 0.025, 14
s_row, 110, 138, , 200, , 177, 38, 2.1, 151, 118, 4, 6700, 3400, 4.6, 6222-2Z, 6222-Z, 0.025, 14
s_row, 110, 149, , 240, 200, , 50, 3, 203, 180, 5.7, 6000, 3800, 9.65, 6322, , 0.03, 13
s_row, 110, 149, , 240, 200, , 50, 3, 203, 180, 5.7, 6000, 5300, 11.5, 6322 M, , 0.03, 13
s_row, 120, 128, , 150, , 145, 16, 1, 29.1, 28, 1.29, , 2400, 0.65, 61824-2RS1, , 0.015, 14
s_row, 120, 128, , 150, , 145, 16, 1, 29.1, 28, 1.29, 8500, 4300, 0.65, 61824-2RZ, , 0.015, 14
s_row, 120, 128, , 150, , 145, 16, 1, 29.1, 28, 1.29, 8500, 5300, 0.51, 61824, , 0.015, 14
s_row, 120, 134, , 165, 151, , 22, 1.1, 55.3, 57, 2.04, 8000, 5000, 1.2, 61924, , 0.02, 17
s_row, 120, 134, , 165, 152, , 22, 1.1, 55.3, 57, 2.04, 8000, 6700, 1.4, 61924 MA, , 0.02, 17
s_row, 120, 139, , 180, 161, , 19, 1, 63.7, 64, 2.2, 7500, 4800, 1.55, 16024, , 0.025, 16
s_row, 120, 139, , 180, , 166, 28, 2, 88.4, 80, 2.75, 7500, 6300, 2.45, 6024 MA, , 0.025, 16
s_row, 120, 139, , 180, , 166, 28, 2, 88.4, 80, 2.75, 7500, 4800, 2.1, 6024, , 0.025, 16
s_row, 120, 139, , 180, , 166, 28, 2, 88.4, 80, 2.75, , 2200, 2.15, 6024-2RS1, 6024-RS1, 0.025, 16
s_row, 120, 139, , 180, , 166, 28, 2, 88.4, 80, 2.75, 7500, 3800, 2.2, 6024-2Z, 6024-Z, 0.025, 16
s_row, 120, 150, , 215, 185, , 40, 2.1, 146, 118, 3.9, 6300, 4000, 5.25, 6224, , 0.025, 14
s_row, 120, 150, , 215, , 190, 40, 2.1, 146, 118, 3.9, 6300, 5600, 6.1, 6224 M, , 0.025, 14
s_row, 120, 150, , 215, , 190, 40, 2.1, 146, 118, 3.9, , 1900, 5.35, 6224-2RS1, 6224-RS1, 0.025, 14
s_row, 120, 150, , 215, , 190, 40, 2.1, 146, 118, 3.9, 6300, 3200, 5.35, 6224-2Z, 6224-Z, 0.025, 14
s_row, 120, 164, , 260, , 221, 55, 3, 208, 186, 5.7, 5600, 3400, 12.5, 6324, , 0.03, 14
s_row, 120, 164, , 260, , 221, 55, 3, 208, 186, 5.7, 5600, 5000, 14, 6324 M, , 0.03, 14
s_row, 120, 164, , 260, , 221, 55, 3, 208, 186, 5.7, , 1700, 12.5, 6324-2RS1, 6324-RS1, 0.03, 14
s_row, 120, 164, , 260, , 221, 55, 3, 208, 186, 5.7, 5600, 2800, 12.5, 6324-2Z, 6324-Z, 0.03, 14
s_row, 130, 140, , 165, , 158, 18, 1.1, 37.7, 43, 1.6, , 2200, 0.93, 61826-2RS1, , 0.015, 16
s_row, 130, 140, , 165, , 158, 18, 1.1, 37.7, 43, 1.6, 8000, 3800, 0.93, 61826-2RZ, , 0.015, 16
s_row, 130, 140, , 165, , 158, 18, 1.1, 37.7, 43, 1.6, 8000, 4800, 0.75, 61826, , 0.015, 16
s_row, 130, 145, , 180, 164, , 24, 1.5, 65, 67, 2.28, 7500, 4500, 1.6, 61926, , 0.02, 16
s_row, 130, 153, , 200, 176, , 22, 1.1, 83.2, 81.5, 2.7, 7000, 4300, 2.35, 16026, , 0.02, 16
s_row, 130, 152, , 200, 182, , 33, 2, 112, 100, 3.35, 7000, 5600, 3.75, 6026 M, , 0.025, 16
s_row, 130, 152, , 200, , 182, 33, 2, 112, 100, 3.35, 7000, 4300, 3.3, 6026, , 0.025, 16
s_row, 130, 152, , 200, , 182, 33, 2, 112, 100, 3.35, , 2000, 3.3, 6026-2RS1, 6026-RS1, 0.025, 16
s_row, 130, 152, , 200, , 182, 33, 2, 112, 100, 3.35, 7000, 3400, 3.35, 6026-2Z, 6026-Z, 0.025, 16
s_row, 130, 160, , 230, 198, , 40, 3, 156, 132, 4.15, 5600, 5300, 6.95, 6226 M, , 0.025, 15
s_row, 130, 160, , 230, , 203, 40, 3, 156, 132, 4.15, 5600, 3600, 5.85, 6226, , 0.025, 15
s_row, 130, 160, , 230, , 203, 40, 3, 156, 132, 4.15, , 1800, 6, 6226-2RS1, 6226-RS1, 0.025, 15
s_row, 130, 160, , 230, , 203, 40, 3, 156, 132, 4.15, 5600, 3000, 6, 6226-2Z, 6226-Z, 0.025, 15
s_row, 130, 177, , 280, 232, , 58, 4, 229, 216, 6.3, 5000, 3200, 15, 6326, , 0.03, 14
s_row, 130, 177, , 280, 232, , 58, 4, 229, 216, 6.3, 5000, 4500, 17.5, 6326 M, , 0.03, 14
s_row, 140, 150, , 175, , 167, 18, 1.1, 39, 46.5, 1.66, , 2000, 0.99, 61828-2RS1, , 0.015, 16
s_row, 140, 150, , 175, , 167, 18, 1.1, 39, 46.5, 1.66, 7500, 3600, 0.99, 61828-2RZ, , 0.015, 16
s_row, 140, 150, , 175, , 167, 18, 2.5, 39, 46.5, 1.66, 7500, 4500, 0.82, 61828, , 0.015, 16
s_row, 140, 156, , 190, 174, , 24, 1.5, 66.3, 72, 2.36, 7000, 4300, 1.7, 61928, , 0.02, 15
s_row, 140, 156, , 190, 175, , 24, 1.5, 66.3, 72, 2.36, 7000, 5600, 2, 61928 MA, , 0.02, 17
s_row, 140, 163, , 210, 186, , 22, 1.1, 80.6, 86.5, 2.8, 6700, 4000, 2.55, 16028, , 0.02, 17
s_row, 140, 162, , 210, , 192, 33, 2, 111, 108, 3.45, 6700, 5300, 4, 6028 M, , 0.025, 16
s_row, 140, 162, , 210, , 192, 33, 2, 111, 108, 3.45, 6700, 4000, 3.45, 6028, , 0.025, 16
s_row, 140, 162, , 210, , 192, 33, 2, 111, 108, 3.45, , 1800, 3.55, 6028-2RS1, 6028-RS1, 0.025, 16
s_row, 140, 162, , 210, , 192, 33, 2, 111, 108, 3.45, 6700, 3200, 3.55, 6028-2Z, 6028-Z, 0.025, 16
s_row, 140, 162, , 250, , 192, 42, 2, 165, 150, 4.55, 5300, 3400, 7.75, 6228, , 0.025, 15
s_row, 140, 175, , 250, 213, , 42, 3, 165, 150, 4.55, 5300, 4800, 9.4, 6228 MA, , 0.025, 15
s_row, 140, 175, , 300, 214, , 62, 4, 251, 245, 7.1, 4800, 3000, 18.5, 6328, , 0.03, 14
s_row, 140, 190, , 300, , 249, 62, 4, 251, 245, 7.1, 4800, 4300, 21, 6328 M, , 0.03, 14
s_row, 150, 162, , 190, , 178, 20, 2.5, 48.8, 61, 1.96, 6700, 4300, 1.2, 61830, , 0.015, 17
s_row, 150, 162, , 190, , 178, 20, 1.1, 48.8, 61, 1.96, 6700, 4300, 1.35, 61830 MA, , 0.015, 17
s_row, 150, 169, , 210, 192, , 28, 2, 88.4, 93, 2.9, 6300, 5300, 3.05, 61930 MA, , 0.02, 16
s_row, 150, 174, , 225, 200, , 24, 1.1, 92.2, 98, 3.05, 6000, 3800, 3.15, 16030, , 0.025, 16
s_row, 150, 174, , 225, , 206, 35, 2.1, 125, 125, 3.9, 6000, 5000, 4.9, 6030 M, , 0.025, 16
s_row, 150, 174, , 225, , 206, 35, 2.1, 125, 125, 3.9, 6000, 3800, 4.3, 6030, , 0.025, 16
s_row, 150, 174, , 225, , 206, 35, 2.1, 125, 125, 3.9, , 1700, 4.35, 6030-2RS1, 6030-RS1, 0.025, 16
s_row, 150, 174, , 225, , 206, 35, 2.1, 125, 125, 3.9, 6000, 3000, 4.4, 6030-2Z, 6030-Z, 0.025, 16
s_row, 150, 190, , 270, , 228, 45, 3, 174, 166, 4.9, 5000, 3200, 10, 6230, , 0.025, 15
s_row, 150, 205, , 320, , 264, 65, 4, 276, 285, 7.8, 4300, 2800, 23, 6330, , 0.03, 14
s_row, 150, 205, , 320, , 264, 65, 4, 276, 285, 7.8, 4300, 4000, 25.5, 6330 M, , 0.03, 14
s_row, 160, 172, , 200, , 188, 20, 1.1, 49.4, 64, 2, 6300, 4000, 1.25, 61832, , 0.015, 17
s_row, 160, 179, , 220, , 201, 28, 2, 92.3, 98, 3.05, 6000, 3800, 2.7, 61932, , 0.02, 17
s_row, 160, 179, , 220, , 202, 28, 2, 92.3, 98, 3.05, 6000, 5000, 3.2, 61932 MA, , 0.02, 17
s_row, 160, 179, , 240, , 202, 25, 2, 99.5, 108, 3.25, 5600, 3600, 3.65, 16032, , 0.02, 17
s_row, 160, 185, , 240, 214, , 38, 2.1, 143, 143, 4.3, 5600, 4800, 6, 6032 M, , 0.025, 16
s_row, 160, 185, , 240, , 219, 38, 2.1, 143, 143, 4.3, 5600, 3600, 5.2, 6032, , 0.025, 16
s_row, 160, 185, , 240, , 219, 38, 2.1, 143, 143, 4.3, , 1600, 5.3, 6032-2RS1, 6032-RS1, 0.025, 16
s_row, 160, 185, , 240, , 219, 38, 2.1, 143, 143, 4.3, 5600, 2800, 5.4, 6032-2Z, 6032-Z, 0.025, 16
s_row, 160, 205, , 290, 243, , 48, 3, 186, 186, 5.3, 4500, 3000, 13, 6232, , 0.025, 15
s_row, 160, 205, , 290, , 243, 48, 3, 186, 186, 5.3, 4500, 4300, 14, 6232 M, , 0.025, 15
s_row, 160, 205, , 340, , 243, 68, 3, 276, 285, 7.65, 4000, 2600, 26, 6332, , 0.03, 14
s_row, 160, 218, , 340, , 281, 68, 4, 276, 285, 7.65, 4000, 3800, 30, 6332 M, , 0.03, 14
s_row, 160, 218, , 340, , 281, 68, 4, 276, 285, 7.65, 4000, 3800, 30, 6332 M, , 0.03, 14
s_row, 170, 184, , 215, , 202, 22, 1.1, 61.8, 78, 2.4, 6000, 3600, 1.65, 61834, , 0.015, 17
s_row, 170, 189, , 230, , 212, 28, 2, 93.6, 106, 3.15, 5600, 4800, 3.35, 61934 MA, , 0.02, 17
s_row, 170, 200, , 260, 229, , 28, 1.5, 119, 129, 3.75, 5300, 3200, 5, 16034, , 0.02, 16
s_row, 170, 198, , 260, , 232, 42, 2.1, 168, 173, 5, 5300, 3200, 7, 6034, , 0.025, 16
s_row, 170, 198, , 260, , 232, 42, 2.1, 168, 173, 5, 5300, 4300, 8.15, 6034 M, , 0.025, 16
s_row, 170, 218, , 310, , 259, 52, 4, 212, 224, 6.1, 4300, 2800, 16, 6234, , 0.025, 15
s_row, 170, 230, , 310, , 299, 52, 4, 212, 224, 6.1, 4300, 3800, 17.5, 6234 M, , 0.025, 15
s_row, 170, 230, , 360, , 299, 72, 4, 312, 340, 8.8, 3800, 2400, 31, 6334, , 0.03, 14
s_row, 170, 230, , 360, , 299, 72, 4, 312, 340, 8.8, 3800, 3400, 35, 6334 M, , 0.03, 14
s_row, 180, 194, , 225, , 211, 22, 1.1, 62.4, 81.5, 2.45, 5600, 3400, 1.75, 61836, , 0.015, 17
s_row, 180, 202, , 250, , 228, 33, 2, 119, 134, 3.9, 5300, 3200, 5, 61936, , 0.02, 17
s_row, 180, 202, , 250, , 229, 33, 2, 119, 134, 3.9, 5300, 4300, 5, 61936 MA, , 0.02, 17
s_row, 180, 213, , 280, , 246, 31, 2, 138, 146, 4.15, 4800, 3000, 6.5, 16036, , 0.02, 16
s_row, 180, 212, , 280, , 248, 46, 2.1, 190, 200, 5.6, 4800, 3000, 9.1, 6036, , 0.025, 16
s_row, 180, 212, , 280, , 248, 46, 2.1, 190, 200, 5.6, 4800, 4000, 10.5, 6036 M, , 0.025, 16
s_row, 180, 226, , 320, , 274, 52, 4, 229, 240, 6.4, 4000, 2600, 16, 6236, , 0.025, 15
s_row, 180, 226, , 320, , 274, 52, 4, 229, 240, 6.4, 4000, 3800, 18, 6236 M, , 0.025, 15
s_row, 180, 244, , 380, 315, , 75, 4, 351, 405, 10.4, 3600, 2200, 36.5, 6336, , 0.03, 14
s_row, 180, 244, , 380, , 315, 75, 4, 351, 405, 10.4, 3600, 3200, 41, 6336 M, , 0.03, 14
s_row, 190, 206, , 240, , 224, 24, 1.5, 76.1, 98, 2.8, 5300, 3200, 2.25, 61838, , 0.015, 17
s_row, 190, 212, , 260, , 238, 33, 2, 117, 134, 3.8, 5000, 3200, 4.5, 61938, , 0.02, 17
s_row, 190, 212, , 260, , 239, 33, 2, 117, 134, 3.8, 5000, 4300, 5.2, 61938 MA, , 0.02, 17
s_row, 190, 223, , 290, , 256, 31, 2, 148, 166, 4.55, 4800, 3000, 6.9, 16038, , 0.025, 16
s_row, 190, 222, , 290, , 258, 46, 2.1, 195, 216, 5.85, 4800, 3000, 9.55, 6038, , 0.025, 16
s_row, 190, 222, , 290, , 258, 46, 2.1, 195, 216, 5.85, 4800, 3800, 11, 6038 M, , 0.025, 16
s_row, 190, 239, , 340, , 290, 55, 4, 255, 280, 7.35, 3800, 2400, 19.5, 6238, , 0.025, 15
s_row, 190, 239, , 340, , 290, 55, 4, 255, 280, 7.35, 3800, 3400, 21.5, 6238 M, , 0.025, 15
s_row, 190, 259, , 400, 331, , 78, 5, 371, 430, 10.8, 3400, 2200, 42, 6338, , 0.03, 14
s_row, 190, 259, , 400, , 331, 78, 5, 371, 430, 10.8, 3400, 3000, 47.5, 6338 M, , 0.03, 14
s_row, 200, 216, , 250, , 234, 24, 1.5, 76.1, 102, 2.9, 5000, 3200, 2.35, 61840, , 0.015, 17
s_row, 200, 225, , 280, , 255, 38, 2.1, 148, 166, 4.55, 4800, 3000, 6.3, 61940, , 0.02, 16
s_row, 200, 225, , 280, , 256, 38, 2.1, 148, 166, 4.55, 4800, 3800, 7.3, 61940 MA, , 0.02, 16
s_row, 200, 237, , 310, 273, , 34, 2, 168, 190, 5.1, 4300, 2800, 8.8, 16040, , 0.02, 16
s_row, 200, 235, , 310, , 275, 51, 2.1, 216, 245, 6.4, 4300, 2800, 12.5, 6040, , 0.025, 16
s_row, 200, 235, , 310, , 275, 51, 2.1, 216, 245, 6.4, 4300, 3600, 14, 6040 M, , 0.025, 16
s_row, 200, 254, , 360, , 303, 58, 4, 270, 310, 7.8, 3600, 2200, 23.5, 6240, , 0.025, 15
s_row, 200, 254, , 360, , 303, 58, 4, 270, 310, 7.8, 3600, 3200, 26, 6240 M, , 0.025, 15
s_row, 220, 236, , 270, , 254, 24, 1.5, 78, 110, 3, 4500, 2800, 2.55, 61844, , 0.015, 17
s_row, 220, 245, , 300, , 275, 38, 2.1, 151, 180, 4.75, 4300, 2600, 6.8, 61944, , 0.02, 17
s_row, 220, 245, , 300, , 276, 38, 2.1, 151, 180, 4.75, 4300, 3600, 7.95, 61944 MA, , 0.02, 17
s_row, 220, 261, , 340, , 298, 37, 2.1, 174, 204, 5.2, 4000, 2400, 11.5, 16044, , 0.02, 17
s_row, 220, 258, , 340, , 302, 56, 3, 247, 290, 7.35, 4000, 2400, 16, 6044, , 0.025, 16
s_row, 220, 258, , 340, , 302, 56, 3, 247, 290, 7.35, 4000, 3200, 18.5, 6044 M, , 0.025, 16
s_row, 220, 282, , 400, , 335, 65, 4, 296, 365, 8.8, 3200, 2000, 33.5, 6244, , 0.025, 15
s_row, 220, 282, , 400, , 335, 65, 4, 296, 365, 8.8, 3200, 3000, 36.5, 6244 M, , 0.025, 15
s_row, 220, 301, , 460, 379, , 88, 5, 410, 520, 12, 3000, 2600, 73, 6344, , 0.03, 14
s_row, 240, 259, , 300, , 281, 28, 2, 108, 150, 3.8, 4000, 2600, 3.9, 61848, , 0.015, 17
s_row, 240, 265, , 320, , 295, 38, 2.1, 159, 200, 5.1, 4000, 2400, 7.3, 61948, , 0.02, 17
s_row, 240, 265, , 320, , 296, 38, 2.1, 159, 200, 5.1, 4000, 3200, 8.55, 61948 MA, , 0.02, 17
s_row, 240, 279, , 360, , 318, 37, 2.1, 203, 255, 6.3, 3600, 2200, 12.5, 16048, , 0.02, 17
s_row, 240, 279, , 360, , 321, 37, 2.1, 203, 255, 6.3, 3600, 3000, 14, 16048 MA, , 0.02, 17
s_row, 240, 277, , 360, , 322, 56, 3, 255, 315, 7.8, 3600, 2200, 17, 6048, , 0.025, 16
s_row, 240, 309, , 440, , 371, 72, 4, 358, 465, 10.8, 3000, 2600, 51, 6248, , 0.025, 15
s_row, 240, 331, , 500, 409, , 95, 5, 442, 585, 12.9, 2600, 2400, 97, 6348, , 0.03, 15
s_row, 260, 279, , 320, , 301, 28, 2, 111, 163, 4, 3800, 2400, 4.15, 61852, , 0.015, 17
s_row, 260, 291, , 360, , 329, 46, 2.1, 212, 270, 6.55, 3600, 2200, 12, 61952, , 0.02, 16
s_row, 260, 291, , 360, , 330, 46, 2.1, 212, 270, 6.55, 3600, 3000, 14.5, 61952 MA, , 0.02, 16
s_row, 260, 307, , 400, , 351, 44, 3, 238, 310, 7.2, 3200, 2000, 18, 16052, , 0.025, 16
s_row, 260, 307, , 400, , 353, 44, 3, 238, 310, 7.2, 3200, 2800, 22.5, 16052 MA, , 0.025, 16
s_row, 260, 304, , 400, , 356, 65, 4, 291, 375, 8.8, 3200, 2000, 25, 6052, , 0.025, 16
s_row, 260, 304, , 400, , 356, 65, 4, 291, 375, 8.8, 3200, 2800, 29, 6052 M, , 0.025, 16
s_row, 260, 337, , 480, 403, , 80, 5, 390, 530, 11.8, 2600, 2400, 65.5, 6252, , 0.025, 15
s_row, 280, 302, , 350, , 327, 33, 2, 138, 200, 4.75, 3400, 2200, 6.25, 61856, , 0.015, 17
s_row, 280, 302, , 350, , 328, 33, 2, 138, 200, 4.75, 3400, 2800, 7.25, 61856 MA, , 0.015, 17
s_row, 280, 311, , 380, , 349, 46, 2.1, 216, 285, 6.7, 3200, 2000, 12, 61956, , 0.02, 17
s_row, 280, 311, , 380, , 350, 46, 2.1, 216, 285, 6.7, 3200, 2800, 15.5, 61956 MA, , 0.02, 17
s_row, 280, 327, , 420, , 371, 44, 3, 242, 335, 7.5, 3000, 1900, 19, 16056, , 0.02, 17
s_row, 280, 327, , 420, , 374, 44, 3, 242, 335, 7.5, 3000, 2600, 23.5, 16056 MA, , 0.02, 17
s_row, 280, 324, , 420, , 376, 65, 4, 302, 405, 9.3, 3000, 1900, 26, 6056, , 0.025, 16
s_row, 280, 324, , 420, , 376, 65, 4, 302, 405, 9.3, 3000, 2600, 31, 6056 M, , 0.025, 16
s_row, 280, 355, , 500, 425, , 80, 5, 423, 600, 12.9, 2600, 2200, 72, 6256 M, , 0.025, 15
s_row, 300, 325, , 380, , 355, 38, 2.1, 172, 245, 5.6, 3200, 2000, 8.9, 61860, , 0.015, 17
s_row, 300, 325, , 380, , 356, 38, 2.1, 172, 245, 5.6, 3200, 2600, 10.5, 61860 MA, , 0.015, 17
s_row, 300, 338, , 420, , 382, 56, 3, 270, 375, 8.3, 3000, 1900, 19, 61960, , 0.02, 16
s_row, 300, 352, , 460, , 407, 50, 4, 286, 405, 8.8, 2800, 1800, 32, 16060, , 0.02, 16
s_row, 300, 351, , 460, , 409, 74, 4, 358, 500, 10.8, 2800, 2400, 44, 6060 M, , 0.025, 16
s_row, 300, 383, , 540, 457, , 85, 5, 462, 670, 13.7, 2400, 2000, 88.5, 6260 M, , 0.025, 15
s_row, 320, 345, , 400, , 375, 38, 2.1, 172, 255, 5.7, 3000, 1900, 9.5, 61864, , 0.015, 17
s_row, 320, 345, , 400, , 376, 38, 2.1, 172, 255, 5.7, 3000, 2400, 11, 61864 MA, , 0.015, 17
s_row, 320, 357, , 440, , 403, 56, 3, 276, 400, 8.65, 2800, 2400, 25.5, 61964 MA, , 0.02, 16
s_row, 320, 372, , 480, , 428, 50, 4, 281, 405, 8.65, 2600, 2200, 34, 16064 MA, , 0.02, 17
s_row, 320, 370, , 480, , 431, 74, 4, 371, 540, 11.4, 2600, 2200, 46, 6064 M, , 0.025, 16
s_row, 340, 365, , 420, , 395, 38, 2.1, 178, 275, 6, 2800, 1800, 10, 61868, , 0.015, 17
s_row, 340, 365, , 420, , 396, 38, 2.1, 178, 275, 6, 2800, 2400, 11.5, 61868 MA, , 0.015, 17
s_row, 340, 378, , 460, , 422, 56, 3, 281, 425, 9, 2600, 2200, 26.5, 61968 MA, , 0.02, 17
s_row, 340, 398, , 520, , 462, 57, 4, 345, 520, 10.6, 2400, 2000, 45, 16068 MA, , 0.02, 16
s_row, 340, 397, , 520, , 463, 82, 5, 423, 640, 13.2, 2400, 2200, 62, 6068 M, , 0.025, 16
s_row, 360, 385, , 440, , 415, 38, 2.1, 182, 285, 6.1, 2600, 2200, 12, 61872 MA, , 0.015, 17
s_row, 360, 398, , 480, , 443, 56, 3, 291, 450, 9.15, 2600, 2200, 28, 61972 MA, , 0.02, 17
s_row, 360, 418, , 540, , 482, 57, 4, 351, 550, 11, 1800, 1400, 49, 16072 MA, , 0.02, 17
s_row, 360, 416, , 540, , 485, 82, 5, 442, 695, 14, 2400, 1900, 64.5, 6072 M, , 0.025, 16
s_row, 380, 412, , 460, , 449, 46, 2.1, 242, 390, 8, 2400, 2000, 20, 61876 MA, , 0.015, 17
s_row, 380, 425, , 520, , 476, 65, 4, 338, 540, 10.8, 2400, 1900, 40, 61976 MA, , 0.02, 17
s_row, 380, 443, , 560, , 497, 57, 4, 377, 620, 12.2, 2200, 1400, 51, 16076 MA, , 0.02, 17
s_row, 380, 437, , 560, , 503, 82, 5, 436, 695, 13.7, 2200, 1800, 70.5, 6076 M, , 0.025, 16
s_row, 400, 432, , 500, 471, , 46, 2.1, 247, 405, 8.15, 2400, 1900, 20.5, 61880 MA, , 0.015, 17
s_row, 400, 445, , 540, 496, , 65, 4, 345, 570, 11.2, 2200, 1800, 41.5, 61980 MA, , 0.02, 17
s_row, 400, 463, , 600, 537, , 90, 5, 520, 865, 16.3, 2000, 1700, 87.5, 6080 M, , 0.025, 16
s_row, 420, 452, , 520, 491, , 46, 2.1, 251, 425, 8.3, 2200, 1800, 21.5, 61884 MA, , 0.015, 17
s_row, 420, 465, , 560, 516, , 65, 4, 351, 600, 11.4, 2200, 1800, 43, 61984 MA, , 0.02, 17
s_row, 420, 482, , 620, 557, , 90, 5, 507, 880, 16.3, 2000, 1600, 91.5, 6084 M, , 0.025, 17
s_row, 440, 472, , 540, 510, , 46, 2.1, 265, 440, 8.5, 2200, 1800, 22.5, 61888 MA, , 0.015, 17
s_row, 440, 492, , 600, 549, , 74, 4, 410, 720, 13.2, 2000, 1600, 60.5, 61988 MA, , 0.02, 17
s_row, 440, 506, , 650, 584, , 94, 6, 553, 965, 17.6, 1900, 1500, 105, 6088 M, , 0.025, 16
s_row, 460, 498, , 580, 542, , 56, 3, 319, 570, 10.6, 2000, 1600, 35, 61892 MA, , 0.015, 17
s_row, 460, 511, , 620, 569, , 74, 4, 423, 750, 13.7, 1900, 1600, 62.5, 61992 MA, , 0.02, 17
s_row, 460, 528, , 680, 614, , 100, 6, 582, 1060, 19, 1800, 1500, 120, 6092 MB, , 0.025, 16
s_row, 480, 518, , 600, 564, , 56, 3, 325, 600, 10.8, 1900, 1600, 36.5, 61896 MA, , 0.015, 17
s_row, 480, 535, , 650, 595, , 78, 5, 449, 815, 14.6, 1800, 1500, 74, 61996 MA, , 0.02, 17
s_row, 480, 550, , 700, 630, , 100, 6, 618, 1140, 20, 1700, 1400, 125, 6096 MB, , 0.025, 17
s_row, 500, 538, , 620, 582, , 56, 3, 332, 620, 11.2, 1800, 1500, 40.5, 618/500 MA, , 0.015, 17
s_row, 500, 555, , 670, 617, , 78, 5, 462, 865, 15, 1700, 1400, 81.5, 619/500 MA, , 0.02, 17
s_row, 500, 568, , 720, 650, , 100, 6, 605, 1140, 19.6, 1600, 1300, 135, 60/500 N1MAS, , 0.025, 17
s_row, 530, 568, , 650, 613, , 56, 3, 332, 655, 11.2, 1700, 1400, 39.5, 618/530 MA, , 0.015, 17
s_row, 530, 587, , 710, 653, , 82, 5, 488, 930, 15.6, 1600, 1300, 90.5, 619/530 MA, , 0.02, 17
s_row, 530, 612, , 780, 700, , 112, 6, 650, 1270, 20.8, 1500, 1200, 185, 60/530 N1MAS, , 0.025, 17
s_row, 560, 598, , 680, 644, , 56, 3, 345, 695, 11.8, 1600, 1300, 42, 618/560 MA, , 0.015, 17
s_row, 560, 622, , 750, 689, , 85, 5, 494, 980, 16.3, 1500, 1200, 105, 619/560 MA, , 0.02, 17
s_row, 560, 648, , 820, 732, , 115, 6, 663, 1370, 22, 1400, 1200, 210, 60/560 N1MAS, , 0.025, 17
s_row, 600, 642, , 730, 688, , 60, 3, 364, 765, 12.5, 1500, 1200, 52, 618/600 MA, , 0.015, 17
s_row, 600, 663, , 800, 736, , 90, 5, 585, 1220, 19.6, 1400, 1100, 125, 619/600 MA, , 0.02, 17
s_row, 600, 689, , 870, 781, , 118, 6, 728, 1500, 23.6, 1300, 1100, 230, 60/600 MA, , 0.025, 17
s_row, 630, 678, , 780, 732, , 69, 4, 442, 965, 15.3, 1400, 1100, 73, 618/630 MA, , 0.015, 17
s_row, 630, 702, , 850, 778, , 100, 6, 624, 1340, 21.2, 1300, 1100, 160, 619/630 N1MA, , 0.02, 17
s_row, 630, 725, , 920, 825, , 128, 7.5, 819, 1760, 27, 1200, 1000, 285, 60/630 N1MBS, , 0.025, 17
s_row, 670, 718, , 820, 772, , 69, 4, 442, 1000, 15.6, 1300, 1100, 83.5, 618/670 MA, , 0.015, 17
s_row, 670, 745, , 900, 825, , 103, 6, 676, 1500, 22.4, 1200, 1000, 192, 619/670 MA, , 0.02, 17
s_row, 670, 771, , 980, 878, , 136, 7.5, 904, 2040, 30, 1100, 900, 345, 60/670 N1MAS, , 0.025, 17
s_row, 710, 761, , 870, 818, , 74, 4, 475, 1100, 16.6, 1200, 1000, 93.5, 618/710 MA, , 0.015, 17
s_row, 710, 790, , 950, 870, , 106, 6, 663, 1500, 22, 1100, 1000, 220, 619/710 MA, , 0.02, 17
s_row, 710, 811, , 1030, 928, , 140, 7.5, 956, 2200, 31.5, 1000, 850, 382, 60/710 MA, , 0.025, 17
s_row, 750, 804, , 920, 866, , 78, 5, 527, 1250, 18.3, 1100, 900, 110, 618/750 MA, , 0.015, 17
s_row, 750, 835, , 1000, 919, , 112, 6, 761, 1800, 25.5, 1000, 850, 255, 619/750 MA, , 0.02, 17
s_row, 750, 862, , 1090, 978, , 150, 7.5, 995, 2360, 33.5, 950, 800, 485, 60/750 MA, , 0.025, 16
s_row, 800, 857, , 980, 922, , 82, 5, 559, 1370, 19.3, 1000, 850, 130, 618/800 MA, , 0.015, 17
s_row, 800, 884, , 1060, 975, , 115, 6, 832, 2040, 28.5, 950, 800, 275, 619/800 MA, , 0.02, 17
s_row, 800, 914, , 1150, 1032, , 155, 7.5, 1010, 2550, 34.5, 900, 750, 523, 60/800 N1MAS, , 0.025, 16
s_row, 850, 907, , 1030, 972, , 82, 5, 559, 1430, 19.6, 950, 750, 140, 618/850 MA, , 0.015, 17
s_row, 850, 937, , 1120, 1033, , 118, 6, 852, 2120, 28.5, 850, 750, 320, 619/850 MA, , 0.02, 17
s_row, 900, 960, , 1090, 1029, , 85, 5, 618, 1600, 21.6, 850, 700, 167, 618/900 MA, , 0.015, 18
s_row, 950, 1015, , 1150, 1084, , 90, 5, 637, 1730, 22.4, 800, 670, 197, 618/950 MA, , 0.015, 18
s_row, 1000, 1076, , 1220, 1145, , 100, 6, 637, 1800, 22.8, 750, 600, 245, 618/1000 MA, , 0.015, 17
s_row, 1060, 1132, , 1280, 1208, , 100, 6, 728, 2120, 26.5, 670, 560, 260, 618/1060 MA, , 0.015, 18
s_row, 1120, 1201, , 1360, 1278, , 106, 6, 741, 2200, 26.5, 630, 530, 315, 618/1120 MA, , 0.015, 18
s_row, 1180, 1262, , 1420, 1338, , 106, 6, 761, 2360, 27.5, 560, 480, 337, 618/1180 MB, , 0.015, 18
s_row, 1320, 1414, , 1600, 1506, , 122, 6, 956, 3150, 35.5, 480, 400, 500, 618/1320 MA, , 0.015, 18
s_row, 1500, 1606, , 1820, 1712, , 140, 7.5, 1170, 4150, 43, 380, 240, 638, 618/1500 TN, , 0.015, 18