type, d, D, B, C, C0, Pu, n_ref, n_limit, mass, designation, capped_one_side, kr, f0
s_row, 3, 10, 4, 0.54, 0.18, 0.007, 130000, 80000, 0.0015, 623, , 0.025, 7.5
s_row, 3, 10, 4, 0.54, 0.18, 0.007, , 40000, 0.0015, 623-2RS1, 623-RS1, 0.025, 7.5
s_row, 3, 10, 4, 0.54, 0.18, 0.007, 130000, 60000, 0.0015, 623-2Z, 623-Z, 0.025, 7.5
s_row, 4, 9, 2.5, 0.423, 0.18, 0.008, 140000, 85000, 0.0017, 618/4, , 0.015, 6.5
s_row, 4, 9, 3.5, 0.54, 0.18, 0.008, 140000, 70000, 0.0017, 628/4-2Z, , 0.015, 10
s_row, 4, 9, 4, 0.54, 0.18, 0.008, 140000, 70000, 0.0013, 638/4-2Z, , 0.015, 10
s_row, 4, 11, 4, 0.624, 0.18, 0.008, 130000, 63000, 0.0017, 619/4-2Z, , 0.02, 6.4
s_row, 4, 11, 4, 0.624, 0.18, 0.008, 130000, 80000, 0.0017, 619/4, , 0.02, 6.4
s_row, 4, 12, 4, 0.806, 0.18, 0.008, 120000, 75000, 0.0021, 604, , 0.025, 10
s_row, 4, 12, 4, 0.806, 0.28, 0.012, 120000, 60000, 0.0021, 604-2Z, 604-Z, 0.025, 10
s_row, 4, 13, 5, 0.936, 0.29, 0.012, 110000, 67000, 0.0031, 624, , 0.025, 10
s_row, 4, 13, 5, 0.936, 0.29, 0.012, 110000, 53000, 0.0031, 624-2Z, 624-Z, 0.025, 7.3
s_row, 4, 16, 5, 1.11, 0.38, 0.016, 95000, 60000, 0.0054, 634, , 0.03, 8.4
s_row, 4, 16, 5, 1.11, 0.38, 0.016, , 28000, 0.0054, 634-2RS1, 634-RS1, 0.03, 8.4
s_row, 4, 16, 5, 1.11, 0.38, 0.016, 95000, 48000, 0.0054, 634-2RZ, 634-RZ, 0.03, 8.4
s_row, 4, 16, 5, 1.11, 0.38, 0.016, 95000, 48000, 0.0054, 634-2Z, 634-RZ, 0.03, 8.4
s_row, 5, 11, 3, 0.468, 0.143, 0.006, 120000, 75000, 0.0012, 618/5, , 0.015, 7.1
s_row, 5, 11, 4, 0.64, 0.26, 0.011, 120000, 60000, 0.0014, 628/5-2Z, , 0.015, 11
s_row, 5, 11, 5, 0.64, 0.26, 0.011, 120000, 60000, 0.0016, 638/5-2Z, , 0.015, 11
s_row, 5, 13, 4, 0.884, 0.335, 0.014, 110000, 50000, 0.0025, 619/5-2Z, , 0.02, 11
s_row, 5, 13, 4, 0.884, 0.335, 0.014, 110000, 70000, 0.0025, 619/5, , 0.02, 11
s_row, 5, 16, 5, 1.14, 0.38, 0.016, 95000, 60000, 0.005, 625, , 0.03, 8.4
s_row, 5, 16, 5, 2.34, 0.95, 0.04, 80000, 50000, 0.0085, 625-2Z, 625-Z, 0.03, 13
s_row, 5, 19, 6, 2.34, 0.95, 0.04, 80000, 50000, 0.009, 635, , 0.03, 13
s_row, 5, 19, 6, 2.34, 0.95, 0.04, , 24000, 0.009, 635-2RS1, 635-RS1, 0.03, 13
s_row, 5, 19, 6, 2.34, 0.95, 0.04, 80000, 40000, 0.009, 635-2RZ, 635-RZ, 0.03, 13
s_row, 5, 19, 6, 2.34, 0.95, 0.04, 80000, 40000, 0.0093, 635-2Z, 635-Z, 0.03, 13
s_row, 6, 13, 3.5, 0.715, 0.224, 0.01, 110000, 67000, 0.002, 618/6, , 0.015, 7
s_row, 6, 13, 5, 0.88, 0.35, 0.015, 110000, 53000, 0.0026, 628/6-2Z, , 0.015, 11
s_row, 6, 15, 5, 0.884, 0.27, 0.011, 100000, 50000, 0.0039, 619/6-2Z, , 0.02, 6.8
s_row, 6, 15, 5, 0.884, 0.27, 0.011, 100000, 63000, 0.0039, 619/6, , 0.02, 6.8
s_row, 6, 19, 6, 2.34, 0.95, 0.04, 80000, 50000, 0.0081, 626, , 0.025, 13
s_row, 6, 19, 6, 2.34, 0.95, 0.04, , 24000, 0.0083, 626-2RSH, 626-RSH, 0.025, 13
s_row, 6, 19, 6, 2.34, 0.95, 0.04, 80000, 40000, 0.0083, 626-2RSL, 626-RSL, 0.025, 13
s_row, 6, 19, 6, 2.34, 0.95, 0.04, 80000, 40000, 0.0088, 626-2Z, 626-Z, 0.025, 13
s_row, 7, 14, 3.5, 0.78, 0.26, 0.011, 100000, 63000, 0.0022, 618/7, , 0.015, 7.2
s_row, 7, 14, 5, 0.956, 0.4, 0.017, 100000, 50000, 0.0031, 628/7-2Z, , 0.015, 11
s_row, 7, 17, 5, 1.06, 0.375, 0.016, 90000, 45000, 0.0049, 619/7-2Z, , 0.02, 7.3
s_row, 7, 17, 5, 1.06, 0.375, 0.016, 90000, 56000, 0.0049, 619/7, , 0.02, 7.3
s_row, 7, 19, 6, 2.34, 0.95, 0.04, 85000, 53000, 0.0076, 607, , 0.025, 13
s_row, 7, 19, 6, 2.34, 0.95, 0.04, , 24000, 0.0078, 607-2RSH, 607-RSH, 0.025, 13
s_row, 7, 19, 6, 2.34, 0.95, 0.04, 85000, 43000, 0.0078, 607-2RSL, 607-RSL, 0.025, 13
s_row, 7, 19, 6, 2.34, 0.95, 0.04, 85000, 43000, 0.0084, 607-2Z, 607-Z, 0.025, 13
s_row, 7, 22, 7, 3.45, 1.37, 0.057, 70000, 45000, 0.012, 627, , 0.025, 12
s_row, 7, 22, 7, 3.45, 1.37, 0.057, , 22000, 0.013, 627-2RSH, 627-RSH, 0.025, 12
s_row, 7, 22, 7, 3.45, 1.37, 0.057, 70000, 36000, 0.013, 627-2RSL, 627-RSL, 0.025, 12
s_row, 7, 22, 7, 3.45, 1.37, 0.057, 70000, 36000, 0.013, 627-2Z, 627-Z, 0.025, 12
s_row, 8, 16, 4, 0.819, 0.3, 0.012, 90000, 56000, 0.003, 618/8, , 0.015, 7.5
s_row, 8, 16, 5, 1.33, 0.57, 0.024, , 26000, 0.0036, 628/8-2RS1, , 0.015, 11
s_row, 8, 16, 5, 1.33, 0.57, 0.024, 90000, 45000, 0.0036, 628/8-2Z, , 0.015, 11
s_row, 8, 16, 6, 1.33, 0.57, 0.024, 90000, 45000, 0.0043, 638/8-2Z, , 0.015, 11
s_row, 8, 19, 6, 1.46, 0.465, 0.02, , 24000, 0.0071, 619/8-2RS1, , 0.02, 11
s_row, 8, 19, 6, 1.46, 0.465, 0.02, 85000, 43000, 0.0071, 619/8-2Z, , 0.02, 11
s_row, 8, 19, 6, 1.46, 0.465, 0.02, 85000, 53000, 0.0071, 619/8, , 0.02, 11
s_row, 8, 19, 6, 2.34, 0.95, 0.04, 85000, 43000, 0.0072, 607/8-2Z, 607/8-Z, 0.025, 13
s_row, 8, 22, 7, 3.45, 1.37, 0.057, 75000, 48000, 0.012, 608, , 0.025, 12
s_row, 8, 22, 7, 3.45, 1.37, 0.057, , 22000, 0.012, 608-2RSH, 608-RSH, 0.025, 12
s_row, 8, 22, 7, 3.45, 1.37, 0.057, 75000, 38000, 0.012, 608-2RSL, 608-RSL, 0.025, 12
s_row, 8, 22, 7, 3.45, 1.37, 0.057, 75000, 38000, 0.013, 608-2Z, 608-Z, 0.025, 12
s_row, 8, 22, 11, 3.45, 1.37, 0.057, , 22000, 0.016, 630/8-2RS1, , 0.025, 12
s_row, 8, 24, 8, 3.9, 1.66, 0.071, 63000, 40000, 0.018, 628, , 0.03, 13
s_row, 8, 24, 8, 3.9, 1.66, 0.071, , 19000, 0.017, 628-2RS1, 628-RS1, 0.03, 13
s_row, 8, 24, 8, 3.9, 1.66, 0.071, 63000, 32000, 0.017, 628-2RZ, 628-RZ, 0.03, 13
s_row, 8, 24, 8, 3.9, 1.66, 0.071, 63000, 32000, 0.018, 628-2Z, 628-Z, 0.03, 13
s_row, 8, 28, 9, 1.33, 0.57, 0.024, 60000, 30000, 0.03, 638-2RZ, 638-RZ, 0.03, 11
s_row, 9, 17, 4, 0.871, 0.34, 0.014, 85000, 53000, 0.0034, 618/9, , 0.015, 7.7
s_row, 9, 17, 5, 1.43, 0.64, 0.027, , 24000, 0.0043, 628/9-2RS1, , 0.015, 11
s_row, 9, 17, 5, 1.43, 0.64, 0.027, 85000, 43000, 0.0043, 628/9-2Z, 628/9-Z, 0.015, 11
s_row, 9, 20, 6, 2.34, 0.98, 0.043, 80000, 40000, 0.0076, 619/9-2Z, , 0.02, 12
s_row, 9, 20, 6, 2.34, 0.98, 0.043, 80000, 50000, 0.0076, 619/9, , 0.02, 12
s_row, 9, 24, 7, 3.9, 1.66, 0.071, 70000, 43000, 0.014, 609, , 0.025, 13
s_row, 9, 24, 7, 3.9, 1.66, 0.071, , 19000, 0.015, 609-2RSH, 609-RSH, 0.025, 13
s_row, 9, 24, 7, 3.9, 1.66, 0.071, 70000, 34000, 0.014, 609-2RSL, 609-RSL, 0.025, 13
s_row, 9, 24, 7, 3.9, 1.66, 0.071, 70000, 34000, 0.015, 609-2Z, 609-Z, 0.025, 13
s_row, 9, 26, 8, 4.75, 1.96, 0.083, 60000, 38000, 0.02, 629, , 0.025, 12
s_row, 9, 26, 8, 4.75, 1.96, 0.083, , 19000, 0.02, 629-2RSH, 629-RSH, 0.025, 12
s_row, 9, 26, 8, 4.75, 1.96, 0.083, 60000, 30000, 0.02, 629-2RSL, 629-RSL, 0.025, 12
s_row, 9, 26, 8, 4.75, 1.96, 0.083, 60000, 30000, 0.021, 629-2Z, 629-Z, 0.025, 12
s_row, 10, 19, 5, 1.72, 0.83, 0.036, , 22000, 0.0055, 61800-2RS1, , 0.015, 15
s_row, 10, 19, 5, 1.72, 0.83, 0.036, 80000, 38000, 0.0055, 61800-2Z, , 0.015, 15
s_row, 10, 19, 5, 1.72, 0.83, 0.036, 80000, 48000, 0.0053, 61800, , 0.015, 15
s_row, 10, 22, 6, 2.7, 1.27, 0.054, , 20000, 0.01, 61900-2RS1, , 0.02, 14
s_row, 10, 22, 6, 2.7, 1.27, 0.054, 70000, 36000, 0.01, 61900-2Z, , 0.02, 14
s_row, 10, 22, 6, 2.7, 1.27, 0.054, 70000, 45000, 0.01, 61900, , 0.02, 14
s_row, 10, 26, 8, 4.75, 1.96, 0.083, 67000, 40000, 0.019, 6000, , 0.025, 12
s_row, 10, 26, 8, 4.75, 1.96, 0.083, , 19000, 0.019, 6000-2RSH, 6000-RSH, 0.025, 12
s_row, 10, 26, 8, 4.75, 1.96, 0.083, 67000, 34000, 0.019, 6000-2RSL, 6000-RSL, 0.025, 12
s_row, 10, 26, 8, 4.75, 1.96, 0.083, 67000, 34000, 0.02, 6000-2Z, 6000-Z, 0.025, 12
s_row, 10, 26, 12, 4.62, 1.96, 0.083, , 19000, 0.025, 63000-2RS1, , 0.025, 12
s_row, 10, 28, 8, 5.07, 2.36, 0.1, 60000, 30000, 0.026, 16100-2Z, , 0.025, 13
s_row, 10, 28, 8, 5.07, 2.36, 0.1, 60000, 38000, 0.024, 16100, , 0.025, 13
s_row, 10, 30, 9, 5.4, 2.36, 0.1, 56000, 36000, 0.031, 6200, , 0.03, 13
s_row, 10, 30, 9, 5.4, 2.36, 0.1, , 17000, 0.032, 6200-2RSH, 6200-RSH, 0.03, 13
s_row, 10, 30, 9, 5.4, 2.36, 0.1, 56000, 28000, 0.032, 6200-2RSL, 6200-RSL, 0.03, 13
s_row, 10, 30, 9, 5.4, 2.36, 0.1, 56000, 28000, 0.034, 6200-2Z, 6200-Z, 0.03, 13
s_row, 10, 30, 14, 5.07, 2.36, 0.1, , 17000, 0.04, 62200-2RS1, , 0.03, 11
s_row, 10, 35, 11, 8.52, 3.4, 0.143, 50000, 32000, 0.053, 6300, , 0.03, 11
s_row, 10, 35, 11, 8.52, 3.4, 0.143, , 15000, 0.054, 6300-2RSH, 6300-RSH, 0.03, 11
s_row, 10, 35, 11, 8.52, 3.4, 0.143, 50000, 26000, 0.053, 6300-2RSL, 6300-RSL, 0.03, 11
s_row, 10, 35, 11, 8.52, 3.4, 0.143, 50000, 26000, 0.055, 6300-2Z, 6300-Z, 0.03, 11
s_row, 10, 35, 17, 8.06, 3.4, 0.143, , 15000, 0.06, 62300-2RS1, , 0.03, 11
s_row, 12, 21, 5, 1.74, 0.915, 0.039, , 20000, 0.0063, 61801-2RS1, , 0.015, 13
s_row, 12, 21, 5, 1.74, 0.915, 0.039, 70000, 36000, 0.0063, 61801-2Z, , 0.015, 13
s_row, 12, 21, 5, 1.74, 0.915, 0.039, 70000, 43000, 0.0063, 61801, , 0.015, 13
s_row, 12, 24, 6, 2.91, 1.46, 0.062, , 19000, 0.011, 61901-2RS1, , 0.02, 15
s_row, 12, 24, 6, 2.91, 1.46, 0.062, 67000, 32000, 0.011, 61901-2Z, , 0.02, 15
s_row, 12, 24, 6, 2.91, 1.46, 0.062, 67000, 40000, 0.011, 61901, , 0.02, 15
s_row, 12, 28, 8, 5.4, 2.36, 0.1, 60000, 38000, 0.021, 6001, , 0.025, 13
s_row, 12, 28, 8, 5.4, 2.36, 0.1, , 17000, 0.022, 6001-2RSH, 6001-RSH, 0.025, 13
s_row, 12, 28, 8, 5.4, 2.36, 0.1, 60000, 30000, 0.021, 6001-2RSL, 6001-RSL, 0.025, 13
s_row, 12, 28, 8, 5.4, 2.36, 0.1, 60000, 30000, 0.022, 6001-2Z, 6001-Z, 0.025, 13
s_row, 12, 28, 12, 5.07, 2.36, 0.1, , 17000, 0.029, 63001-2RS1, , 0.025, 13
s_row, 12, 30, 8, 5.07, 2.36, 0.1, , 17000, 0.028, 16101-2RS1, , 0.025, 13
s_row, 12, 30, 8, 5.07, 2.36, 0.1, 56000, 28000, 0.028, 16101-2Z, , 0.025, 13
s_row, 12, 30, 8, 5.07, 2.36, 0.1, 60000, 38000, 0.026, 16101, , 0.025, 13
s_row, 12, 32, 10, 7.28, 3.1, 0.132, 50000, 32000, 0.037, 6201, , 0.025, 12
s_row, 12, 32, 10, 7.28, 3.1, 0.132, , 15000, 0.038, 6201-2RSH, 6201-RSH, 0.025, 12
s_row, 12, 32, 10, 7.28, 3.1, 0.132, 50000, 26000, 0.038, 6201-2RSL, 6201-RSL, 0.025, 12
s_row, 12, 32, 10, 7.28, 3.1, 0.132, 50000, 26000, 0.039, 6201-2Z, 6201-Z, 0.025, 12
s_row, 12, 32, 14, 6.89, 3.1, 0.132, , 15000, 0.045, 62201-2RS1, , 0.025, 12
s_row, 12, 37, 12, 10.1, 4.15, 0.176, 45000, 28000, 0.06, 6301, , 0.03, 11
s_row, 12, 37, 12, 10.1, 4.15, 0.176, , 14000, 0.062, 6301-2RSH, 6301-RSH, 0.03, 11
s_row, 12, 37, 12, 10.1, 4.15, 0.176, 45000, 22000, 0.06, 6301-2RSL, 6301-RSL, 0.03, 11
s_row, 12, 37, 12, 10.1, 4.15, 0.176, 45000, 22000, 0.063, 6301-2Z, 6301-Z, 0.03, 11
s_row, 12, 37, 17, 9.75, 4.15, 0.176, , 14000, 0.07, 62301-2RS1, , 0.03, 11
s_row, 15, 24, 5, 1.9, 1.1, 0.048, , 17000, 0.0074, 61802-2RS1, , 0.015, 14
s_row, 15, 24, 5, 1.9, 1.1, 0.048, 60000, 30000, 0.0074, 61802-2Z, , 0.015, 14
s_row, 15, 24, 5, 1.9, 1.1, 0.048, 60000, 38000, 0.0065, 61802, , 0.015, 14
s_row, 15, 28, 7, 4.36, 2.24, 0.095, , 16000, 0.016, 61902-2RS1, , 0.02, 14
s_row, 15, 28, 7, 4.36, 2.24, 0.095, 56000, 28000, 0.016, 61902-2RZ, , 0.02, 14
s_row, 15, 28, 7, 4.36, 2.24, 0.095, 56000, 28000, 0.016, 61902-2Z, , 0.02, 14
s_row, 15, 28, 7, 4.36, 2.24, 0.095, 56000, 34000, 0.016, 61902, , 0.02, 14
s_row, 15, 32, 8, 5.85, 2.85, 0.12, 50000, 32000, 0.027, 16002, , 0.025, 14
s_row, 15, 32, 8, 5.85, 2.85, 0.12, 50000, 26000, 0.025, 16002-2Z, 16002-Z, 0.025, 14
s_row, 15, 32, 9, 5.85, 2.85, 0.12, 50000, 32000, 0.03, 6002, , 0.025, 14
s_row, 15, 32, 9, 5.85, 2.85, 0.12, , 14000, 0.03, 6002-2RSH, 6002-RSH, 0.025, 14
s_row, 15, 32, 9, 5.85, 2.85, 0.12, 50000, 26000, 0.03, 6002-2RSL, 6002-RSL, 0.025, 14
s_row, 15, 32, 9, 5.85, 2.85, 0.12, 50000, 26000, 0.032, 6002-2Z, 6002-Z, 0.025, 14
s_row, 15, 32, 13, 5.59, 2.85, 0.12, , 14000, 0.039, 63002-2RS1, , 0.025, 13
s_row, 15, 35, 11, 8.06, 3.75, 0.16, 43000, 28000, 0.045, 6202, , 0.025, 13
s_row, 15, 35, 11, 8.06, 3.75, 0.16, , 13000, 0.046, 6202-2RSH, 6202-RSH, 0.025, 13
s_row, 15, 35, 11, 8.06, 3.75, 0.16, 43000, 22000, 0.046, 6202-2RSL, 6202-RSL, 0.025, 13
s_row, 15, 35, 11, 8.06, 3.75, 0.16, 43000, 22000, 0.048, 6202-2Z, 6202-Z, 0.025, 13
s_row, 15, 35, 14, 7.8, 3.75, 0.16, , 13000, 0.054, 62202-2RS1, , 0.025, 13
s_row, 15, 42, 13, 11.9, 5.4, 0.228, 38000, 24000, 0.082, 6302, , 0.03, 12
s_row, 15, 42, 13, 11.9, 5.4, 0.228, , 12000, 0.085, 6302-2RSH, 6302-RSH, 0.03, 12
s_row, 15, 42, 13, 11.9, 5.4, 0.228, 38000, 19000, 0.085, 6302-2RSL, 6302-RSL, 0.03, 12
s_row, 15, 42, 13, 11.9, 5.4, 0.228, 38000, 19000, 0.086, 6302-2Z, 6302-Z, 0.03, 12
s_row, 15, 42, 17, 11.4, 5.4, 0.228, , 12000, 0.11, 62302-2RS1, , 0.03, 12
s_row, 15, 52, 7, 4.49, 3.75, 0.16, , 7500, 0.034, 61808-2RS1, , 0.015, 15
s_row, 17, 26, 5, 2.03, 1.27, 0.054, , 16000, 0.0082, 61803-2RS1, , 0.015, 14
s_row, 17, 26, 5, 2.03, 1.27, 0.054, 56000, 28000, 0.0082, 61803-2RZ, , 0.015, 14
s_row, 17, 26, 5, 2.03, 1.27, 0.054, 56000, 28000, 0.0082, 61803-2Z, , 0.015, 14
s_row, 17, 26, 5, 2.03, 1.27, 0.054, 56000, 34000, 0.0075, 61803, , 0.015, 14
s_row, 17, 30, 7, 4.62, 2.55, 0.108, , 14000, 0.017, 61903-2RS1, , 0.02, 15
s_row, 17, 30, 7, 4.62, 2.55, 0.108, 50000, 26000, 0.017, 61903-2Z, , 0.02, 15
s_row, 17, 30, 7, 4.62, 2.55, 0.108, 50000, 26000, 0.018, 61903-2RZ, , 0.02, 15
s_row, 17, 30, 7, 4.62, 2.55, 0.108, 50000, 32000, 0.016, 61903, , 0.02, 15
s_row, 17, 35, 8, 6.37, 3.25, 0.137, 45000, 22000, 0.032, 16003-2Z, , 0.02, 14
s_row, 17, 35, 8, 6.37, 3.25, 0.137, 45000, 28000, 0.031, 16003, , 0.025, 14
s_row, 17, 35, 10, 6.37, 3.25, 0.137, 45000, 28000, 0.038, 6003, , 0.025, 14
s_row, 17, 35, 10, 6.37, 3.25, 0.137, , 13000, 0.039, 6003-2RSH, 6003-RSH, 0.025, 14
s_row, 17, 35, 10, 6.37, 3.25, 0.137, 45000, 22000, 0.039, 6003-2RSL, 6003-RSL, 0.025, 14
s_row, 17, 35, 10, 6.37, 3.25, 0.137, 45000, 22000, 0.041, 6003-2Z, 6003-Z, 0.025, 13
s_row, 17, 35, 14, 6.05, 3.25, 0.137, , 13000, 0.052, 63003-2RS1, , 0.03, 12
s_row, 17, 40, 12, 9.95, 4.75, 0.2, 38000, 24000, 0.065, 6203, , 0.025, 13
s_row, 17, 40, 12, 9.95, 4.75, 0.2, , 12000, 0.067, 6203-2RSH, 6203-RSH, 0.025, 13
s_row, 17, 40, 12, 9.95, 4.75, 0.2, 38000, 19000, 0.067, 6203-2RSL, 6203-RSL, 0.025, 13
s_row, 17, 40, 12, 9.95, 4.75, 0.2, 38000, 19000, 0.068, 6203-2Z, 6203-Z, 0.025, 13
s_row, 17, 40, 12, 11.4, 5.4, 0.228, 38000, 24000, 0.064, 6203 ETN9, , 0.03, 12
s_row, 17, 40, 16, 9.56, 4.75, 0.2, , 12000, 0.089, 62203-2RS1, , 0.025, 13
s_row, 17, 47, 14, 14.3, 6.55, 0.275, 34000, 22000, 0.11, 6303, , 0.03, 12
s_row, 17, 47, 14, 14.3, 6.55, 0.275, , 11000, 0.12, 6303-2RSH, 6303-RSH, 0.03, 12
s_row, 17, 47, 14, 14.3, 6.55, 0.275, 34000, 17000, 0.12, 6303-2RSL, 6303-RSL, 0.03, 12
s_row, 17, 47, 14, 14.3, 6.55, 0.275, 34000, 17000, 0.12, 6303-2Z, 6303-Z, 0.03, 12
s_row, 17, 47, 19, 13.5, 6.55, 0.275, , 11000, 0.16, 62303-2RS1, , 0.03, 12
s_row, 17, 62, 17, 22.9, 10.8, 0.455, 28000, 18000, 0.27, 6403, , 0.035, 11
s_row, 20, 32, 7, 4.03, 2.32, 0.104, , 13000, 0.018, 61804-2RS1, , 0.015, 15
s_row, 20, 32, 7, 4.03, 2.32, 0.104, 45000, 22000, 0.018, 61804-2RZ, , 0.015, 15
s_row, 20, 32, 7, 4.03, 2.32, 0.104, 45000, 28000, 0.018, 61804, , 0.015, 15
s_row, 20, 37, 9, 6.37, 3.65, 0.156, , 12000, 0.038, 61904-2RS1, , 0.02, 15
s_row, 20, 37, 9, 6.37, 3.65, 0.156, 43000, 20000, 0.038, 61904-2RZ, , 0.02, 15
s_row, 20, 37, 9, 6.37, 3.65, 0.156, 43000, 26000, 0.037, 61904, , 0.02, 15
s_row, 20, 42, 8, 7.28, 4.05, 0.173, 38000, 24000, 0.051, 16004, , 0.02, 15
s_row, 20, 42, 12, 9.95, 5, 0.212, 38000, 24000, 0.067, 6004, , 0.025, 14
s_row, 20, 42, 12, 9.95, 5, 0.212, , 11000, 0.067, 6004-2RSH, 6004-RSH, 0.025, 14
s_row, 20, 42, 12, 9.95, 5, 0.212, 38000, 19000, 0.069, 6004-2RSL, 6004-RSL, 0.025, 14
s_row, 20, 42, 12, 9.95, 5, 0.212, 38000, 19000, 0.071, 6004-2Z, 6004-Z, 0.025, 14
s_row, 20, 42, 16, 9.36, 5, 0.212, , 11000, 0.086, 63004-2RS1, , 0.025, 13
s_row, 20, 47, 14, 13.5, 6.55, 0.28, 32000, 20000, 0.11, 6204, , 0.025, 13
s_row, 20, 47, 14, 13.5, 6.55, 0.28, , 10000, 0.11, 6204-2RSH, 6204-RSH, 0.025, 13
s_row, 20, 47, 14, 13.5, 6.55, 0.28, 32000, 17000, 0.11, 6204-2RSL, 6204-RSL, 0.025, 13
s_row, 20, 47, 14, 13.5, 6.55, 0.28, 32000, 17000, 0.11, 6204-2Z, 6204-Z, 0.025, 13
s_row, 20, 47, 15, 15.6, 7.65, 0.325, 32000, 20000, 0.098, 6204 ETN9, , 0.025, 12
s_row, 20, 47, 18, 12.7, 6.55, 0.28, , 10000, 0.13, 62204-2RS1, , 0.025, 13
s_row, 20, 52, 15, 15.9, 7.8, 0.335, 30000, 15000, 0.15, 6304-2RSL, 6304-RSL, 0.03, 12
s_row, 20, 52, 15, 16.8, 7.8, 0.335, 30000, 19000, 0.14, 6304, , 0.03, 12
s_row, 20, 52, 15, 16.8, 7.8, 0.335, , 9500, 0.15, 6304-2RSH, 6304-RSH, 0.03, 12
s_row, 20, 52, 15, 16.8, 7.8, 0.335, 30000, 15000, 0.15, 6304-2Z, 6304-Z, 0.03, 12
s_row, 20, 52, 18, 18.2, 9, 0.38, 30000, 19000, 0.14, 6304 ETN9, , 0.03, 12
s_row, 20, 52, 21, 15.9, 7.8, 0.335, , 9500, 0.21, 62304-2RS1, , 0.03, 12
s_row, 20, 72, 19, 30.7, 15, 0.64, 24000, 15000, 0.41, 6404, , 0.035, 11
s_row, 22, 50, 14, 14, 7.65, 0.325, , 9000, 0.12, 62/22-2RS1, , 0.025, 14
s_row, 22, 50, 14, 14, 7.65, 0.325, 30000, 19000, 0.12, 62/22, , 0.025, 14
s_row, 22, 56, 16, 18.6, 9.3, 0.39, 28000, 18000, 0.18, 63/22, , 0.03, 12
s_row, 25, 37, 7, 4.36, 2.6, 0.125, , 11000, 0.022, 61805-2RS1, , 0.015, 14
s_row, 25, 37, 7, 4.36, 2.6, 0.125, 38000, 19000, 0.022, 61805-2RZ, , 0.015, 14
s_row, 25, 37, 7, 4.36, 2.6, 0.125, 38000, 24000, 0.022, 61805, , 0.015, 14
s_row, 25, 42, 9, 7.02, 4.3, 0.193, , 10000, 0.045, 61905-2RS1, , 0.02, 15
s_row, 25, 42, 9, 7.02, 4.3, 0.193, 36000, 18000, 0.045, 61905-2RZ, , 0.02, 15
s_row, 25, 42, 9, 7.02, 4.3, 0.193, 36000, 22000, 0.045, 61905, , 0.02, 15
s_row, 25, 47, 8, 8.06, 4.75, 0.212, 32000, 20000, 0.055, 16005, , 0.02, 15
s_row, 25, 47, 12, 11.9, 6.55, 0.275, 32000, 20000, 0.078, 6005, , 0.025, 14
s_row, 25, 47, 12, 11.9, 6.55, 0.275, , 9500, 0.081, 6005-2RSH, 6005-RSH, 0.025, 14
s_row, 25, 47, 12, 11.9, 6.55, 0.275, 32000, 16000, 0.08, 6005-2RSL, 6005-RSL, 0.025, 14
s_row, 25, 47, 12, 11.9, 6.55, 0.275, 32000, 16000, 0.083, 6005-2Z, 6005-Z, 0.025, 14
s_row, 25, 47, 16, 11.2, 6.55, 0.275, , 9500, 0.11, 63005-2RS1, , 0.025, 14
s_row, 25, 52, 15, 14.8, 7.8, 0.335, 28000, 18000, 0.13, 6205, , 0.025, 14
s_row, 25, 52, 15, 14.8, 7.8, 0.335, , 8500, 0.13, 6205-2RSH, 6205-RSH, 0.025, 14
s_row, 25, 52, 15, 14.8, 7.8, 0.335, 28000, 14000, 0.13, 6205-2RSL, 6205-RSL, 0.025, 14
s_row, 25, 52, 15, 14.8, 7.8, 0.335, 28000, 14000, 0.13, 6205-2Z, 6205-Z, 0.025, 13
s_row, 25, 52, 15, 17.8, 9.3, 0.4, 28000, 18000, 0.12, 6205 ETN9, , 0.025, 13
s_row, 25, 52, 18, 14, 7.8, 0.335, , 8500, 0.13, 62205-2RS1, , 0.025, 14
s_row, 25, 62, 17, 23.4, 11.6, 0.49, 24000, 16000, 0.23, 6305, , 0.03, 12
s_row, 25, 62, 17, 23.4, 11.6, 0.49, , 7500, 0.24, 6305-2RSH, 6305-RSH, 0.03, 12
s_row, 25, 62, 17, 23.4, 11.6, 0.49, 24000, 13000, 0.23, 6305-2RZ, 6305-RZ, 0.03, 12
s_row, 25, 62, 17, 23.4, 11.6, 0.49, 24000, 13000, 0.23, 6305-2Z, 6305-Z, 0.03, 12
s_row, 25, 62, 17, 26, 13.4, 0.57, 24000, 16000, 0.22, 6305 ETN9, , 0.03, 12
s_row, 25, 62, 24, 22.5, 11.6, 0.49, , 7500, 0.32, 62305-2RS1, , 0.03, 12
s_row, 25, 80, 21, 35.8, 19.3, 0.815, 20000, 13000, 0.54, 6405, , 0.035, 12
s_row, 28, 58, 16, 16.8, 9.5, 0.405, 26000, 16000, 0.17, 62/28, , 0.025, 14
s_row, 28, 68, 18, 25.1, 13.7, 0.585, 22000, 14000, 0.3, 63/28, , 0.03, 13
s_row, 30, 42, 7, 4.49, 2.9, 0.146, , 9500, 0.025, 61806-2RS1, , 0.015, 14
s_row, 30, 42, 7, 4.49, 2.9, 0.146, 32000, 16000, 0.025, 61806-2RZ, , 0.015, 14
s_row, 30, 42, 7, 4.49, 2.9, 0.146, 32000, 20000, 0.025, 61806, , 0.015, 14
s_row, 30, 47, 9, 7.28, 4.55, 0.212, , 8500, 0.051, 61906-2RS1, , 0.02, 14
s_row, 30, 47, 9, 7.28, 4.55, 0.212, 30000, 15000, 0.051, 61906-2RZ, , 0.02, 14
s_row, 30, 47, 9, 7.28, 4.55, 0.212, 30000, 19000, 0.049, 61906, , 0.02, 14
